/*
 Navicat Premium Data Transfer

 Source Server         : localhost
 Source Server Type    : MySQL
 Source Server Version : 80028
 Source Host           : localhost:3306
 Source Schema         : coolweather

 Target Server Type    : MySQL
 Target Server Version : 80028
 File Encoding         : 65001

 Date: 21/12/2022 18:42:06
*/

SET NAMES utf8mb4;
SET FOREIGN_KEY_CHECKS = 0;

-- ----------------------------
-- Table structure for city
-- ----------------------------
DROP TABLE IF EXISTS `city`;
CREATE TABLE `city`  (
  `id` int(0) NOT NULL AUTO_INCREMENT,
  `citycode` int(0) NULL DEFAULT NULL,
  `cityname` varchar(255) CHARACTER SET utf8mb4 COLLATE utf8mb4_0900_ai_ci NULL DEFAULT NULL,
  `provinceid` int(0) NULL DEFAULT NULL,
  PRIMARY KEY (`id`) USING BTREE
) ENGINE = InnoDB CHARACTER SET = utf8mb4 COLLATE = utf8mb4_0900_ai_ci ROW_FORMAT = Dynamic;

-- ----------------------------
-- Records of city
-- ----------------------------
INSERT INTO `city` VALUES (1, 1, '北京', 1);
INSERT INTO `city` VALUES (2, 2, '上海', 2);
INSERT INTO `city` VALUES (3, 3, '天津', 3);
INSERT INTO `city` VALUES (4, 4, '重庆', 4);
INSERT INTO `city` VALUES (5, 5, '香港', 5);
INSERT INTO `city` VALUES (6, 6, '澳门', 6);
INSERT INTO `city` VALUES (7, 7, '台北', 7);
INSERT INTO `city` VALUES (8, 8, '高雄', 7);
INSERT INTO `city` VALUES (9, 9, '台中', 7);
INSERT INTO `city` VALUES (10, 10, '哈尔滨', 8);
INSERT INTO `city` VALUES (11, 11, '齐齐哈尔', 8);
INSERT INTO `city` VALUES (12, 12, '牡丹江', 8);
INSERT INTO `city` VALUES (13, 13, '佳木斯', 8);
INSERT INTO `city` VALUES (14, 14, '绥化', 8);
INSERT INTO `city` VALUES (15, 15, '黑河', 8);
INSERT INTO `city` VALUES (16, 16, '大兴安岭', 8);
INSERT INTO `city` VALUES (17, 17, '伊春', 8);
INSERT INTO `city` VALUES (18, 18, '大庆', 8);
INSERT INTO `city` VALUES (19, 19, '鸡西', 8);
INSERT INTO `city` VALUES (20, 20, '鹤岗', 8);
INSERT INTO `city` VALUES (21, 21, '双鸭山', 8);
INSERT INTO `city` VALUES (22, 22, '长春', 9);
INSERT INTO `city` VALUES (23, 23, '吉林', 9);
INSERT INTO `city` VALUES (24, 24, '延吉', 9);
INSERT INTO `city` VALUES (25, 25, '四平', 9);
INSERT INTO `city` VALUES (26, 26, '通化', 9);
INSERT INTO `city` VALUES (27, 27, '白城', 9);
INSERT INTO `city` VALUES (28, 28, '辽源', 9);
INSERT INTO `city` VALUES (29, 29, '松原', 9);
INSERT INTO `city` VALUES (30, 30, '白山', 9);
INSERT INTO `city` VALUES (31, 31, '沈阳', 10);
INSERT INTO `city` VALUES (32, 32, '大连', 10);
INSERT INTO `city` VALUES (33, 33, '鞍山', 10);
INSERT INTO `city` VALUES (34, 34, '抚顺', 10);
INSERT INTO `city` VALUES (35, 35, '本溪', 10);
INSERT INTO `city` VALUES (36, 36, '丹东', 10);
INSERT INTO `city` VALUES (37, 37, '锦州', 10);
INSERT INTO `city` VALUES (38, 38, '营口', 10);
INSERT INTO `city` VALUES (39, 39, '阜新', 10);
INSERT INTO `city` VALUES (40, 40, '辽阳', 10);
INSERT INTO `city` VALUES (41, 41, '铁岭', 10);
INSERT INTO `city` VALUES (42, 42, '朝阳', 10);
INSERT INTO `city` VALUES (43, 43, '盘锦', 10);
INSERT INTO `city` VALUES (44, 44, '葫芦岛', 10);
INSERT INTO `city` VALUES (45, 45, '呼和浩特', 11);
INSERT INTO `city` VALUES (46, 46, '包头', 11);
INSERT INTO `city` VALUES (47, 47, '乌海', 11);
INSERT INTO `city` VALUES (48, 48, '集宁', 11);
INSERT INTO `city` VALUES (49, 49, '通辽', 11);
INSERT INTO `city` VALUES (50, 50, '赤峰', 11);
INSERT INTO `city` VALUES (51, 51, '鄂尔多斯', 11);
INSERT INTO `city` VALUES (52, 52, '临河', 11);
INSERT INTO `city` VALUES (53, 53, '锡林浩特', 11);
INSERT INTO `city` VALUES (54, 54, '海拉尔', 11);
INSERT INTO `city` VALUES (55, 55, '乌兰浩特', 11);
INSERT INTO `city` VALUES (56, 56, '阿左旗', 11);
INSERT INTO `city` VALUES (57, 57, '石家庄', 12);
INSERT INTO `city` VALUES (58, 58, '保定', 12);
INSERT INTO `city` VALUES (59, 59, '张家口', 12);
INSERT INTO `city` VALUES (60, 60, '唐山', 12);
INSERT INTO `city` VALUES (61, 61, '廊坊', 12);
INSERT INTO `city` VALUES (62, 62, '沧州', 12);
INSERT INTO `city` VALUES (63, 63, '衡水', 12);
INSERT INTO `city` VALUES (64, 64, '邢台', 12);
INSERT INTO `city` VALUES (65, 65, '邯郸', 12);
INSERT INTO `city` VALUES (66, 66, '秦皇岛', 12);
INSERT INTO `city` VALUES (67, 67, '郑州', 13);
INSERT INTO `city` VALUES (68, 68, '安阳', 13);
INSERT INTO `city` VALUES (69, 69, '新乡', 13);
INSERT INTO `city` VALUES (70, 70, '许昌', 13);
INSERT INTO `city` VALUES (71, 71, '平顶山', 13);
INSERT INTO `city` VALUES (72, 72, '信阳', 13);
INSERT INTO `city` VALUES (73, 73, '南阳', 13);
INSERT INTO `city` VALUES (74, 74, '开封', 13);
INSERT INTO `city` VALUES (75, 75, '洛阳', 13);
INSERT INTO `city` VALUES (76, 76, '商丘', 13);
INSERT INTO `city` VALUES (77, 77, '焦作', 13);
INSERT INTO `city` VALUES (78, 78, '鹤壁', 13);
INSERT INTO `city` VALUES (79, 79, '濮阳', 13);
INSERT INTO `city` VALUES (80, 80, '周口', 13);
INSERT INTO `city` VALUES (81, 81, '漯河', 13);
INSERT INTO `city` VALUES (82, 82, '驻马店', 13);
INSERT INTO `city` VALUES (83, 83, '三门峡', 13);
INSERT INTO `city` VALUES (84, 84, '济源', 13);
INSERT INTO `city` VALUES (85, 85, '太原', 14);
INSERT INTO `city` VALUES (86, 86, '大同', 14);
INSERT INTO `city` VALUES (87, 87, '阳泉', 14);
INSERT INTO `city` VALUES (88, 88, '晋中', 14);
INSERT INTO `city` VALUES (89, 89, '长治', 14);
INSERT INTO `city` VALUES (90, 90, '晋城', 14);
INSERT INTO `city` VALUES (91, 91, '临汾', 14);
INSERT INTO `city` VALUES (92, 92, '运城', 14);
INSERT INTO `city` VALUES (93, 93, '朔州', 14);
INSERT INTO `city` VALUES (94, 94, '忻州', 14);
INSERT INTO `city` VALUES (95, 95, '离石', 14);
INSERT INTO `city` VALUES (96, 96, '济南', 15);
INSERT INTO `city` VALUES (97, 97, '青岛', 15);
INSERT INTO `city` VALUES (98, 98, '淄博', 15);
INSERT INTO `city` VALUES (99, 99, '德州', 15);
INSERT INTO `city` VALUES (100, 100, '烟台', 15);
INSERT INTO `city` VALUES (101, 101, '潍坊', 15);
INSERT INTO `city` VALUES (102, 102, '济宁', 15);
INSERT INTO `city` VALUES (103, 103, '泰安', 15);
INSERT INTO `city` VALUES (104, 104, '临沂', 15);
INSERT INTO `city` VALUES (105, 105, '菏泽', 15);
INSERT INTO `city` VALUES (106, 106, '滨州', 15);
INSERT INTO `city` VALUES (107, 107, '东营', 15);
INSERT INTO `city` VALUES (108, 108, '威海', 15);
INSERT INTO `city` VALUES (109, 109, '枣庄', 15);
INSERT INTO `city` VALUES (110, 110, '日照', 15);
INSERT INTO `city` VALUES (111, 111, '莱芜', 15);
INSERT INTO `city` VALUES (112, 112, '聊城', 15);
INSERT INTO `city` VALUES (113, 113, '南京', 16);
INSERT INTO `city` VALUES (114, 114, '无锡', 16);
INSERT INTO `city` VALUES (115, 115, '镇江', 16);
INSERT INTO `city` VALUES (116, 116, '苏州', 16);
INSERT INTO `city` VALUES (117, 117, '南通', 16);
INSERT INTO `city` VALUES (118, 118, '扬州', 16);
INSERT INTO `city` VALUES (119, 119, '盐城', 16);
INSERT INTO `city` VALUES (120, 120, '徐州', 16);
INSERT INTO `city` VALUES (121, 121, '淮安', 16);
INSERT INTO `city` VALUES (122, 122, '连云港', 16);
INSERT INTO `city` VALUES (123, 123, '常州', 16);
INSERT INTO `city` VALUES (124, 124, '泰州', 16);
INSERT INTO `city` VALUES (125, 125, '宿迁', 16);
INSERT INTO `city` VALUES (126, 126, '杭州', 17);
INSERT INTO `city` VALUES (127, 127, '湖州', 17);
INSERT INTO `city` VALUES (128, 128, '嘉兴', 17);
INSERT INTO `city` VALUES (129, 129, '宁波', 17);
INSERT INTO `city` VALUES (130, 130, '绍兴', 17);
INSERT INTO `city` VALUES (131, 131, '台州', 17);
INSERT INTO `city` VALUES (132, 132, '温州', 17);
INSERT INTO `city` VALUES (133, 133, '丽水', 17);
INSERT INTO `city` VALUES (134, 134, '金华', 17);
INSERT INTO `city` VALUES (135, 135, '衢州', 17);
INSERT INTO `city` VALUES (136, 136, '舟山', 17);
INSERT INTO `city` VALUES (137, 137, '福州', 18);
INSERT INTO `city` VALUES (138, 138, '钓鱼岛', 18);
INSERT INTO `city` VALUES (139, 139, '厦门', 18);
INSERT INTO `city` VALUES (140, 140, '宁德', 18);
INSERT INTO `city` VALUES (141, 141, '莆田', 18);
INSERT INTO `city` VALUES (142, 142, '泉州', 18);
INSERT INTO `city` VALUES (143, 143, '漳州', 18);
INSERT INTO `city` VALUES (144, 144, '龙岩', 18);
INSERT INTO `city` VALUES (145, 145, '三明', 18);
INSERT INTO `city` VALUES (146, 146, '南平', 18);
INSERT INTO `city` VALUES (147, 147, '南昌', 19);
INSERT INTO `city` VALUES (148, 148, '九江', 19);
INSERT INTO `city` VALUES (149, 149, '上饶', 19);
INSERT INTO `city` VALUES (150, 150, '抚州', 19);
INSERT INTO `city` VALUES (151, 151, '宜春', 19);
INSERT INTO `city` VALUES (152, 152, '吉安', 19);
INSERT INTO `city` VALUES (153, 153, '赣州', 19);
INSERT INTO `city` VALUES (154, 154, '景德镇', 19);
INSERT INTO `city` VALUES (155, 155, '萍乡', 19);
INSERT INTO `city` VALUES (156, 156, '新余', 19);
INSERT INTO `city` VALUES (157, 157, '鹰潭', 19);
INSERT INTO `city` VALUES (158, 158, '合肥', 20);
INSERT INTO `city` VALUES (159, 159, '蚌埠', 20);
INSERT INTO `city` VALUES (160, 160, '芜湖', 20);
INSERT INTO `city` VALUES (161, 161, '淮南', 20);
INSERT INTO `city` VALUES (162, 162, '马鞍山', 20);
INSERT INTO `city` VALUES (163, 163, '安庆', 20);
INSERT INTO `city` VALUES (164, 164, '宿州', 20);
INSERT INTO `city` VALUES (165, 165, '阜阳', 20);
INSERT INTO `city` VALUES (166, 166, '亳州', 20);
INSERT INTO `city` VALUES (167, 167, '黄山', 20);
INSERT INTO `city` VALUES (168, 168, '滁州', 20);
INSERT INTO `city` VALUES (169, 169, '淮北', 20);
INSERT INTO `city` VALUES (170, 170, '铜陵', 20);
INSERT INTO `city` VALUES (171, 171, '宣城', 20);
INSERT INTO `city` VALUES (172, 172, '六安', 20);
INSERT INTO `city` VALUES (173, 173, '池州', 20);
INSERT INTO `city` VALUES (174, 174, '武汉', 21);
INSERT INTO `city` VALUES (175, 175, '襄阳', 21);
INSERT INTO `city` VALUES (176, 176, '鄂州', 21);
INSERT INTO `city` VALUES (177, 177, '孝感', 21);
INSERT INTO `city` VALUES (178, 178, '黄冈', 21);
INSERT INTO `city` VALUES (179, 179, '黄石', 21);
INSERT INTO `city` VALUES (180, 180, '咸宁', 21);
INSERT INTO `city` VALUES (181, 181, '荆州', 21);
INSERT INTO `city` VALUES (182, 182, '宜昌', 21);
INSERT INTO `city` VALUES (183, 183, '恩施', 21);
INSERT INTO `city` VALUES (184, 184, '十堰', 21);
INSERT INTO `city` VALUES (185, 185, '神农架', 21);
INSERT INTO `city` VALUES (186, 186, '随州', 21);
INSERT INTO `city` VALUES (187, 187, '荆门', 21);
INSERT INTO `city` VALUES (188, 188, '天门', 21);
INSERT INTO `city` VALUES (189, 189, '仙桃', 21);
INSERT INTO `city` VALUES (190, 190, '潜江', 21);
INSERT INTO `city` VALUES (191, 191, '长沙', 22);
INSERT INTO `city` VALUES (192, 192, '湘潭', 22);
INSERT INTO `city` VALUES (193, 193, '株洲', 22);
INSERT INTO `city` VALUES (194, 194, '衡阳', 22);
INSERT INTO `city` VALUES (195, 195, '郴州', 22);
INSERT INTO `city` VALUES (196, 196, '常德', 22);
INSERT INTO `city` VALUES (197, 197, '益阳', 22);
INSERT INTO `city` VALUES (198, 198, '娄底', 22);
INSERT INTO `city` VALUES (199, 199, '邵阳', 22);
INSERT INTO `city` VALUES (200, 200, '岳阳', 22);
INSERT INTO `city` VALUES (201, 201, '张家界', 22);
INSERT INTO `city` VALUES (202, 202, '怀化', 22);
INSERT INTO `city` VALUES (203, 203, '永州', 22);
INSERT INTO `city` VALUES (204, 204, '吉首', 22);
INSERT INTO `city` VALUES (205, 242, '贵阳', 26);
INSERT INTO `city` VALUES (206, 243, '遵义', 26);
INSERT INTO `city` VALUES (207, 244, '安顺', 26);
INSERT INTO `city` VALUES (208, 245, '都匀', 26);
INSERT INTO `city` VALUES (209, 246, '凯里', 26);
INSERT INTO `city` VALUES (210, 247, '铜仁', 26);
INSERT INTO `city` VALUES (211, 248, '毕节', 26);
INSERT INTO `city` VALUES (212, 249, '水城', 26);
INSERT INTO `city` VALUES (213, 250, '兴义', 26);
INSERT INTO `city` VALUES (214, 205, '广州', 23);
INSERT INTO `city` VALUES (215, 206, '韶关', 23);
INSERT INTO `city` VALUES (216, 207, '惠州', 23);
INSERT INTO `city` VALUES (217, 208, '梅州', 23);
INSERT INTO `city` VALUES (218, 209, '汕头', 23);
INSERT INTO `city` VALUES (219, 210, '深圳', 23);
INSERT INTO `city` VALUES (220, 211, '珠海', 23);
INSERT INTO `city` VALUES (221, 212, '顺德', 23);
INSERT INTO `city` VALUES (222, 213, '肇庆', 23);
INSERT INTO `city` VALUES (223, 214, '湛江', 23);
INSERT INTO `city` VALUES (224, 215, '江门', 23);
INSERT INTO `city` VALUES (225, 216, '河源', 23);
INSERT INTO `city` VALUES (226, 217, '清远', 23);
INSERT INTO `city` VALUES (227, 218, '云浮', 23);
INSERT INTO `city` VALUES (228, 219, '潮州', 23);
INSERT INTO `city` VALUES (229, 220, '东莞', 23);
INSERT INTO `city` VALUES (230, 221, '中山', 23);
INSERT INTO `city` VALUES (231, 222, '阳江', 23);
INSERT INTO `city` VALUES (232, 223, '揭阳', 23);
INSERT INTO `city` VALUES (233, 224, '茂名', 23);
INSERT INTO `city` VALUES (234, 225, '汕尾', 23);
INSERT INTO `city` VALUES (235, 350, '佛山', 23);
INSERT INTO `city` VALUES (236, 226, '南宁', 24);
INSERT INTO `city` VALUES (237, 227, '崇左', 24);
INSERT INTO `city` VALUES (238, 228, '柳州', 24);
INSERT INTO `city` VALUES (239, 229, '来宾', 24);
INSERT INTO `city` VALUES (240, 230, '桂林', 24);
INSERT INTO `city` VALUES (241, 231, '梧州', 24);
INSERT INTO `city` VALUES (242, 232, '贺州', 24);
INSERT INTO `city` VALUES (243, 233, '贵港', 24);
INSERT INTO `city` VALUES (244, 234, '玉林', 24);
INSERT INTO `city` VALUES (245, 235, '百色', 24);
INSERT INTO `city` VALUES (246, 236, '钦州', 24);
INSERT INTO `city` VALUES (247, 237, '河池', 24);
INSERT INTO `city` VALUES (248, 238, '北海', 24);
INSERT INTO `city` VALUES (249, 239, '防城港', 24);
INSERT INTO `city` VALUES (250, 240, '海口', 25);
INSERT INTO `city` VALUES (251, 241, '三亚', 25);
INSERT INTO `city` VALUES (252, 251, '昆明', 27);
INSERT INTO `city` VALUES (253, 252, '大理', 27);
INSERT INTO `city` VALUES (254, 253, '红河', 27);
INSERT INTO `city` VALUES (255, 254, '曲靖', 27);
INSERT INTO `city` VALUES (256, 255, '保山', 27);
INSERT INTO `city` VALUES (257, 256, '文山', 27);
INSERT INTO `city` VALUES (258, 257, '玉溪', 27);
INSERT INTO `city` VALUES (259, 258, '楚雄', 27);
INSERT INTO `city` VALUES (260, 259, '普洱', 27);
INSERT INTO `city` VALUES (261, 260, '昭通', 27);
INSERT INTO `city` VALUES (262, 261, '临沧', 27);
INSERT INTO `city` VALUES (263, 262, '怒江', 27);
INSERT INTO `city` VALUES (264, 263, '香格里拉', 27);
INSERT INTO `city` VALUES (265, 264, '丽江', 27);
INSERT INTO `city` VALUES (266, 265, '德宏', 27);
INSERT INTO `city` VALUES (267, 266, '景洪', 27);
INSERT INTO `city` VALUES (268, 267, '成都', 28);
INSERT INTO `city` VALUES (269, 268, '攀枝花', 28);
INSERT INTO `city` VALUES (270, 269, '自贡', 28);
INSERT INTO `city` VALUES (271, 270, '绵阳', 28);
INSERT INTO `city` VALUES (272, 271, '南充', 28);
INSERT INTO `city` VALUES (273, 272, '达州', 28);
INSERT INTO `city` VALUES (274, 273, '遂宁', 28);
INSERT INTO `city` VALUES (275, 274, '广安', 28);
INSERT INTO `city` VALUES (276, 275, '巴中', 28);
INSERT INTO `city` VALUES (277, 276, '泸州', 28);
INSERT INTO `city` VALUES (278, 277, '宜宾', 28);
INSERT INTO `city` VALUES (279, 278, '内江', 28);
INSERT INTO `city` VALUES (280, 279, '资阳', 28);
INSERT INTO `city` VALUES (281, 280, '乐山', 28);
INSERT INTO `city` VALUES (282, 281, '眉山', 28);
INSERT INTO `city` VALUES (283, 282, '凉山', 28);
INSERT INTO `city` VALUES (284, 283, '雅安', 28);
INSERT INTO `city` VALUES (285, 284, '甘孜', 28);
INSERT INTO `city` VALUES (286, 285, '阿坝', 28);
INSERT INTO `city` VALUES (287, 286, '德阳', 28);
INSERT INTO `city` VALUES (288, 287, '广元', 28);
INSERT INTO `city` VALUES (289, 288, '拉萨', 29);
INSERT INTO `city` VALUES (290, 289, '日喀则', 29);
INSERT INTO `city` VALUES (291, 290, '山南', 29);
INSERT INTO `city` VALUES (292, 291, '林芝', 29);
INSERT INTO `city` VALUES (293, 292, '昌都', 29);
INSERT INTO `city` VALUES (294, 293, '那曲', 29);
INSERT INTO `city` VALUES (295, 294, '阿里', 29);
INSERT INTO `city` VALUES (296, 295, '西安', 30);
INSERT INTO `city` VALUES (297, 296, '三原', 30);
INSERT INTO `city` VALUES (298, 297, '延长', 30);
INSERT INTO `city` VALUES (299, 298, '榆林', 30);
INSERT INTO `city` VALUES (300, 299, '渭南', 30);
INSERT INTO `city` VALUES (301, 300, '商洛', 30);
INSERT INTO `city` VALUES (302, 301, '安康', 30);
INSERT INTO `city` VALUES (303, 302, '汉中', 30);
INSERT INTO `city` VALUES (304, 303, '宝鸡', 30);
INSERT INTO `city` VALUES (305, 304, '铜川', 30);
INSERT INTO `city` VALUES (306, 305, '杨凌', 30);
INSERT INTO `city` VALUES (307, 306, '银川', 31);
INSERT INTO `city` VALUES (308, 307, '石嘴山', 31);
INSERT INTO `city` VALUES (309, 308, '吴忠', 31);
INSERT INTO `city` VALUES (310, 309, '固原', 31);
INSERT INTO `city` VALUES (311, 310, '中卫', 31);
INSERT INTO `city` VALUES (312, 311, '兰州', 32);
INSERT INTO `city` VALUES (313, 312, '定西', 32);
INSERT INTO `city` VALUES (314, 313, '平凉', 32);
INSERT INTO `city` VALUES (315, 314, '庆阳', 32);
INSERT INTO `city` VALUES (316, 315, '武威', 32);
INSERT INTO `city` VALUES (317, 316, '金昌', 32);
INSERT INTO `city` VALUES (318, 317, '张掖', 32);
INSERT INTO `city` VALUES (319, 318, '酒泉', 32);
INSERT INTO `city` VALUES (320, 319, '天水', 32);
INSERT INTO `city` VALUES (321, 320, '武都', 32);
INSERT INTO `city` VALUES (322, 321, '临夏', 32);
INSERT INTO `city` VALUES (323, 322, '合作', 32);
INSERT INTO `city` VALUES (324, 323, '白银', 32);
INSERT INTO `city` VALUES (325, 324, '嘉峪关', 32);
INSERT INTO `city` VALUES (326, 325, '西宁', 33);
INSERT INTO `city` VALUES (327, 326, '海东', 33);
INSERT INTO `city` VALUES (328, 327, '黄南', 33);
INSERT INTO `city` VALUES (329, 328, '海南', 33);
INSERT INTO `city` VALUES (330, 329, '果洛', 33);
INSERT INTO `city` VALUES (331, 330, '玉树', 33);
INSERT INTO `city` VALUES (332, 331, '海西', 33);
INSERT INTO `city` VALUES (333, 332, '海北', 33);
INSERT INTO `city` VALUES (334, 333, '格尔木', 33);
INSERT INTO `city` VALUES (335, 334, '乌鲁木齐', 34);
INSERT INTO `city` VALUES (336, 335, '克拉玛依', 34);
INSERT INTO `city` VALUES (337, 336, '石河子', 34);
INSERT INTO `city` VALUES (338, 337, '昌吉', 34);
INSERT INTO `city` VALUES (339, 338, '吐鲁番', 34);
INSERT INTO `city` VALUES (340, 339, '库尔勒', 34);
INSERT INTO `city` VALUES (341, 340, '阿拉尔', 34);
INSERT INTO `city` VALUES (342, 341, '阿克苏', 34);
INSERT INTO `city` VALUES (343, 342, '喀什', 34);
INSERT INTO `city` VALUES (344, 343, '伊宁', 34);
INSERT INTO `city` VALUES (345, 344, '塔城', 34);
INSERT INTO `city` VALUES (346, 345, '哈密', 34);
INSERT INTO `city` VALUES (347, 346, '和田', 34);
INSERT INTO `city` VALUES (348, 347, '阿勒泰', 34);
INSERT INTO `city` VALUES (349, 348, '阿图什', 34);
INSERT INTO `city` VALUES (350, 349, '博乐', 34);

-- ----------------------------
-- Table structure for county
-- ----------------------------
DROP TABLE IF EXISTS `county`;
CREATE TABLE `county`  (
  `id` int(0) NOT NULL AUTO_INCREMENT,
  `cityid` int(0) NULL DEFAULT NULL,
  `countyname` varchar(255) CHARACTER SET utf8mb4 COLLATE utf8mb4_0900_ai_ci NULL DEFAULT NULL,
  `weatherid` int(0) NULL DEFAULT NULL,
  PRIMARY KEY (`id`) USING BTREE
) ENGINE = InnoDB CHARACTER SET = utf8mb4 COLLATE = utf8mb4_0900_ai_ci ROW_FORMAT = Dynamic;

-- ----------------------------
-- Records of county
-- ----------------------------
INSERT INTO `county` VALUES (1, 1, '北京', 0);
INSERT INTO `county` VALUES (2, 1, '海淀', 0);
INSERT INTO `county` VALUES (3, 1, '朝阳', 0);
INSERT INTO `county` VALUES (4, 1, '顺义', 0);
INSERT INTO `county` VALUES (5, 1, '怀柔', 0);
INSERT INTO `county` VALUES (6, 1, '通州', 0);
INSERT INTO `county` VALUES (7, 1, '昌平', 0);
INSERT INTO `county` VALUES (8, 1, '延庆', 0);
INSERT INTO `county` VALUES (9, 1, '丰台', 0);
INSERT INTO `county` VALUES (10, 1, '石景山', 0);
INSERT INTO `county` VALUES (11, 1, '大兴', 0);
INSERT INTO `county` VALUES (12, 1, '房山', 0);
INSERT INTO `county` VALUES (13, 1, '密云', 0);
INSERT INTO `county` VALUES (14, 1, '门头沟', 0);
INSERT INTO `county` VALUES (15, 1, '平谷', 0);
INSERT INTO `county` VALUES (16, 2, '上海', 0);
INSERT INTO `county` VALUES (17, 2, '闵行', 0);
INSERT INTO `county` VALUES (18, 2, '宝山', 0);
INSERT INTO `county` VALUES (19, 2, '嘉定', 0);
INSERT INTO `county` VALUES (20, 2, '浦东新区', 0);
INSERT INTO `county` VALUES (21, 2, '金山', 0);
INSERT INTO `county` VALUES (22, 2, '青浦', 0);
INSERT INTO `county` VALUES (23, 2, '松江', 0);
INSERT INTO `county` VALUES (24, 2, '奉贤', 0);
INSERT INTO `county` VALUES (25, 2, '崇明', 0);
INSERT INTO `county` VALUES (26, 2, '徐汇', 0);
INSERT INTO `county` VALUES (27, 3, '天津', 0);
INSERT INTO `county` VALUES (28, 3, '武清', 0);
INSERT INTO `county` VALUES (29, 3, '宝坻', 0);
INSERT INTO `county` VALUES (30, 3, '东丽', 0);
INSERT INTO `county` VALUES (31, 3, '西青', 0);
INSERT INTO `county` VALUES (32, 3, '北辰', 0);
INSERT INTO `county` VALUES (33, 3, '宁河', 0);
INSERT INTO `county` VALUES (34, 3, '汉沽', 0);
INSERT INTO `county` VALUES (35, 3, '静海', 0);
INSERT INTO `county` VALUES (36, 3, '津南', 0);
INSERT INTO `county` VALUES (37, 3, '塘沽', 0);
INSERT INTO `county` VALUES (38, 3, '大港', 0);
INSERT INTO `county` VALUES (39, 3, '蓟县', 0);
INSERT INTO `county` VALUES (40, 4, '重庆', 0);
INSERT INTO `county` VALUES (41, 4, '永川', 0);
INSERT INTO `county` VALUES (42, 4, '合川', 0);
INSERT INTO `county` VALUES (43, 4, '南川', 0);
INSERT INTO `county` VALUES (44, 4, '江津', 0);
INSERT INTO `county` VALUES (45, 4, '万盛', 0);
INSERT INTO `county` VALUES (46, 4, '渝北', 0);
INSERT INTO `county` VALUES (47, 4, '北碚', 0);
INSERT INTO `county` VALUES (48, 4, '巴南', 0);
INSERT INTO `county` VALUES (49, 4, '长寿', 0);
INSERT INTO `county` VALUES (50, 4, '黔江', 0);
INSERT INTO `county` VALUES (51, 4, '万州', 0);
INSERT INTO `county` VALUES (52, 4, '涪陵', 0);
INSERT INTO `county` VALUES (53, 4, '开县', 0);
INSERT INTO `county` VALUES (54, 4, '城口', 0);
INSERT INTO `county` VALUES (55, 4, '云阳', 0);
INSERT INTO `county` VALUES (56, 4, '巫溪', 0);
INSERT INTO `county` VALUES (57, 4, '奉节', 0);
INSERT INTO `county` VALUES (58, 4, '巫山', 0);
INSERT INTO `county` VALUES (59, 4, '潼南', 0);
INSERT INTO `county` VALUES (60, 4, '垫江', 0);
INSERT INTO `county` VALUES (61, 4, '梁平', 0);
INSERT INTO `county` VALUES (62, 4, '忠县', 0);
INSERT INTO `county` VALUES (63, 4, '石柱', 0);
INSERT INTO `county` VALUES (64, 4, '大足', 0);
INSERT INTO `county` VALUES (65, 4, '荣昌', 0);
INSERT INTO `county` VALUES (66, 4, '铜梁', 0);
INSERT INTO `county` VALUES (67, 4, '璧山', 0);
INSERT INTO `county` VALUES (68, 4, '丰都', 0);
INSERT INTO `county` VALUES (69, 4, '武隆', 0);
INSERT INTO `county` VALUES (70, 4, '彭水', 0);
INSERT INTO `county` VALUES (71, 4, '綦江', 0);
INSERT INTO `county` VALUES (72, 4, '酉阳', 0);
INSERT INTO `county` VALUES (73, 4, '秀山', 0);
INSERT INTO `county` VALUES (74, 5, '香港', 0);
INSERT INTO `county` VALUES (75, 5, '九龙', 0);
INSERT INTO `county` VALUES (76, 5, '新界', 0);
INSERT INTO `county` VALUES (77, 6, '澳门', 0);
INSERT INTO `county` VALUES (78, 6, '氹仔岛', 0);
INSERT INTO `county` VALUES (79, 6, '路环岛', 0);
INSERT INTO `county` VALUES (80, 7, '台北', 0);
INSERT INTO `county` VALUES (81, 7, '桃园', 0);
INSERT INTO `county` VALUES (82, 7, '新竹', 0);
INSERT INTO `county` VALUES (83, 7, '宜兰', 0);
INSERT INTO `county` VALUES (84, 8, '高雄', 0);
INSERT INTO `county` VALUES (85, 8, '嘉义', 0);
INSERT INTO `county` VALUES (86, 8, '台南', 0);
INSERT INTO `county` VALUES (87, 8, '台东', 0);
INSERT INTO `county` VALUES (88, 8, '屏东', 0);
INSERT INTO `county` VALUES (89, 9, '台中', 0);
INSERT INTO `county` VALUES (90, 9, '苗栗', 0);
INSERT INTO `county` VALUES (91, 9, '彰化', 0);
INSERT INTO `county` VALUES (92, 9, '南投', 0);
INSERT INTO `county` VALUES (93, 9, '花莲', 0);
INSERT INTO `county` VALUES (94, 9, '云林', 0);
INSERT INTO `county` VALUES (95, 10, '哈尔滨', 0);
INSERT INTO `county` VALUES (96, 10, '双城', 0);
INSERT INTO `county` VALUES (97, 10, '呼兰', 0);
INSERT INTO `county` VALUES (98, 10, '阿城', 0);
INSERT INTO `county` VALUES (99, 10, '宾县', 0);
INSERT INTO `county` VALUES (100, 10, '依兰', 0);
INSERT INTO `county` VALUES (101, 10, '巴彦', 0);
INSERT INTO `county` VALUES (102, 10, '通河', 0);
INSERT INTO `county` VALUES (103, 10, '方正', 0);
INSERT INTO `county` VALUES (104, 10, '延寿', 0);
INSERT INTO `county` VALUES (105, 10, '尚志', 0);
INSERT INTO `county` VALUES (106, 10, '五常', 0);
INSERT INTO `county` VALUES (107, 10, '木兰', 0);
INSERT INTO `county` VALUES (108, 11, '齐齐哈尔', 0);
INSERT INTO `county` VALUES (109, 11, '讷河', 0);
INSERT INTO `county` VALUES (110, 11, '龙江', 0);
INSERT INTO `county` VALUES (111, 11, '甘南', 0);
INSERT INTO `county` VALUES (112, 11, '富裕', 0);
INSERT INTO `county` VALUES (113, 11, '依安', 0);
INSERT INTO `county` VALUES (114, 11, '拜泉', 0);
INSERT INTO `county` VALUES (115, 11, '克山', 0);
INSERT INTO `county` VALUES (116, 11, '克东', 0);
INSERT INTO `county` VALUES (117, 11, '泰来', 0);
INSERT INTO `county` VALUES (118, 12, '牡丹江', 0);
INSERT INTO `county` VALUES (119, 12, '海林', 0);
INSERT INTO `county` VALUES (120, 12, '穆棱', 0);
INSERT INTO `county` VALUES (121, 12, '林口', 0);
INSERT INTO `county` VALUES (122, 12, '绥芬河', 0);
INSERT INTO `county` VALUES (123, 12, '宁安', 0);
INSERT INTO `county` VALUES (124, 12, '东宁', 0);
INSERT INTO `county` VALUES (125, 13, '佳木斯', 0);
INSERT INTO `county` VALUES (126, 13, '汤原', 0);
INSERT INTO `county` VALUES (127, 13, '抚远', 0);
INSERT INTO `county` VALUES (128, 13, '桦川', 0);
INSERT INTO `county` VALUES (129, 13, '桦南', 0);
INSERT INTO `county` VALUES (130, 13, '同江', 0);
INSERT INTO `county` VALUES (131, 13, '富锦', 0);
INSERT INTO `county` VALUES (132, 14, '绥化', 0);
INSERT INTO `county` VALUES (133, 14, '肇东', 0);
INSERT INTO `county` VALUES (134, 14, '安达', 0);
INSERT INTO `county` VALUES (135, 14, '海伦', 0);
INSERT INTO `county` VALUES (136, 14, '明水', 0);
INSERT INTO `county` VALUES (137, 14, '望奎', 0);
INSERT INTO `county` VALUES (138, 14, '兰西', 0);
INSERT INTO `county` VALUES (139, 14, '青冈', 0);
INSERT INTO `county` VALUES (140, 14, '庆安', 0);
INSERT INTO `county` VALUES (141, 14, '绥棱', 0);
INSERT INTO `county` VALUES (142, 15, '黑河', 0);
INSERT INTO `county` VALUES (143, 15, '嫩江', 0);
INSERT INTO `county` VALUES (144, 15, '孙吴', 0);
INSERT INTO `county` VALUES (145, 15, '逊克', 0);
INSERT INTO `county` VALUES (146, 15, '五大连池', 0);
INSERT INTO `county` VALUES (147, 15, '北安', 0);
INSERT INTO `county` VALUES (148, 16, '大兴安岭', 0);
INSERT INTO `county` VALUES (149, 16, '塔河', 0);
INSERT INTO `county` VALUES (150, 16, '漠河', 0);
INSERT INTO `county` VALUES (151, 16, '呼玛', 0);
INSERT INTO `county` VALUES (152, 16, '呼中', 0);
INSERT INTO `county` VALUES (153, 16, '新林', 0);
INSERT INTO `county` VALUES (154, 16, '加格达奇', 0);
INSERT INTO `county` VALUES (155, 17, '伊春', 0);
INSERT INTO `county` VALUES (156, 17, '乌伊岭', 0);
INSERT INTO `county` VALUES (157, 17, '五营', 0);
INSERT INTO `county` VALUES (158, 17, '铁力', 0);
INSERT INTO `county` VALUES (159, 17, '嘉荫', 0);
INSERT INTO `county` VALUES (160, 18, '大庆', 0);
INSERT INTO `county` VALUES (161, 18, '林甸', 0);
INSERT INTO `county` VALUES (162, 18, '肇州', 0);
INSERT INTO `county` VALUES (163, 18, '肇源', 0);
INSERT INTO `county` VALUES (164, 18, '杜尔伯特', 0);
INSERT INTO `county` VALUES (165, 19, '鸡西', 0);
INSERT INTO `county` VALUES (166, 19, '虎林', 0);
INSERT INTO `county` VALUES (167, 19, '密山', 0);
INSERT INTO `county` VALUES (168, 19, '鸡东', 0);
INSERT INTO `county` VALUES (169, 20, '鹤岗', 0);
INSERT INTO `county` VALUES (170, 20, '绥滨', 0);
INSERT INTO `county` VALUES (171, 20, '萝北', 0);
INSERT INTO `county` VALUES (172, 21, '双鸭山', 0);
INSERT INTO `county` VALUES (173, 21, '集贤', 0);
INSERT INTO `county` VALUES (174, 21, '宝清', 0);
INSERT INTO `county` VALUES (175, 21, '饶河', 0);
INSERT INTO `county` VALUES (176, 21, '友谊', 0);
INSERT INTO `county` VALUES (177, 22, '长春', 0);
INSERT INTO `county` VALUES (178, 22, '农安', 0);
INSERT INTO `county` VALUES (179, 22, '德惠', 0);
INSERT INTO `county` VALUES (180, 22, '九台', 0);
INSERT INTO `county` VALUES (181, 22, '榆树', 0);
INSERT INTO `county` VALUES (182, 22, '双阳', 0);
INSERT INTO `county` VALUES (183, 23, '吉林', 0);
INSERT INTO `county` VALUES (184, 23, '舒兰', 0);
INSERT INTO `county` VALUES (185, 23, '永吉', 0);
INSERT INTO `county` VALUES (186, 23, '蛟河', 0);
INSERT INTO `county` VALUES (187, 23, '磐石', 0);
INSERT INTO `county` VALUES (188, 23, '桦甸', 0);
INSERT INTO `county` VALUES (189, 24, '延吉', 0);
INSERT INTO `county` VALUES (190, 24, '敦化', 0);
INSERT INTO `county` VALUES (191, 24, '安图', 0);
INSERT INTO `county` VALUES (192, 24, '汪清', 0);
INSERT INTO `county` VALUES (193, 24, '和龙', 0);
INSERT INTO `county` VALUES (194, 24, '龙井', 0);
INSERT INTO `county` VALUES (195, 24, '珲春', 0);
INSERT INTO `county` VALUES (196, 24, '图们', 0);
INSERT INTO `county` VALUES (197, 25, '四平', 0);
INSERT INTO `county` VALUES (198, 25, '双辽', 0);
INSERT INTO `county` VALUES (199, 25, '梨树', 0);
INSERT INTO `county` VALUES (200, 25, '公主岭', 0);
INSERT INTO `county` VALUES (201, 25, '伊通', 0);
INSERT INTO `county` VALUES (202, 26, '通化', 0);
INSERT INTO `county` VALUES (203, 26, '梅河', 0);
INSERT INTO `county` VALUES (204, 26, '柳河', 0);
INSERT INTO `county` VALUES (205, 26, '辉南', 0);
INSERT INTO `county` VALUES (206, 26, '集安', 0);
INSERT INTO `county` VALUES (207, 26, '通化县', 0);
INSERT INTO `county` VALUES (208, 27, '白城', 0);
INSERT INTO `county` VALUES (209, 27, '洮南', 0);
INSERT INTO `county` VALUES (210, 27, '大安', 0);
INSERT INTO `county` VALUES (211, 27, '镇赉', 0);
INSERT INTO `county` VALUES (212, 27, '通榆', 0);
INSERT INTO `county` VALUES (213, 28, '辽源', 0);
INSERT INTO `county` VALUES (214, 28, '东丰', 0);
INSERT INTO `county` VALUES (215, 28, '东辽', 0);
INSERT INTO `county` VALUES (216, 29, '松原', 0);
INSERT INTO `county` VALUES (217, 29, '乾安', 0);
INSERT INTO `county` VALUES (218, 29, '前郭', 0);
INSERT INTO `county` VALUES (219, 29, '长岭', 0);
INSERT INTO `county` VALUES (220, 29, '扶余', 0);
INSERT INTO `county` VALUES (221, 30, '白山', 0);
INSERT INTO `county` VALUES (222, 30, '靖宇', 0);
INSERT INTO `county` VALUES (223, 30, '临江', 0);
INSERT INTO `county` VALUES (224, 30, '东岗', 0);
INSERT INTO `county` VALUES (225, 30, '长白', 0);
INSERT INTO `county` VALUES (226, 30, '抚松', 0);
INSERT INTO `county` VALUES (227, 30, '江源', 0);
INSERT INTO `county` VALUES (228, 31, '沈阳', 0);
INSERT INTO `county` VALUES (229, 31, '辽中', 0);
INSERT INTO `county` VALUES (230, 31, '康平', 0);
INSERT INTO `county` VALUES (231, 31, '法库', 0);
INSERT INTO `county` VALUES (232, 31, '新民', 0);
INSERT INTO `county` VALUES (233, 32, '大连', 0);
INSERT INTO `county` VALUES (234, 32, '瓦房店', 0);
INSERT INTO `county` VALUES (235, 32, '金州', 0);
INSERT INTO `county` VALUES (236, 32, '普兰店', 0);
INSERT INTO `county` VALUES (237, 32, '旅顺', 0);
INSERT INTO `county` VALUES (238, 32, '长海', 0);
INSERT INTO `county` VALUES (239, 32, '庄河', 0);
INSERT INTO `county` VALUES (240, 33, '鞍山', 0);
INSERT INTO `county` VALUES (241, 33, '台安', 0);
INSERT INTO `county` VALUES (242, 33, '岫岩', 0);
INSERT INTO `county` VALUES (243, 33, '海城', 0);
INSERT INTO `county` VALUES (244, 34, '抚顺', 0);
INSERT INTO `county` VALUES (245, 34, '新宾', 0);
INSERT INTO `county` VALUES (246, 34, '清原', 0);
INSERT INTO `county` VALUES (247, 34, '章党', 0);
INSERT INTO `county` VALUES (248, 35, '本溪', 0);
INSERT INTO `county` VALUES (249, 35, '本溪县', 0);
INSERT INTO `county` VALUES (250, 35, '桓仁', 0);
INSERT INTO `county` VALUES (251, 37, '锦州', 0);
INSERT INTO `county` VALUES (252, 37, '凌海', 0);
INSERT INTO `county` VALUES (253, 37, '义县', 0);
INSERT INTO `county` VALUES (254, 37, '黑山', 0);
INSERT INTO `county` VALUES (255, 37, '北镇', 0);
INSERT INTO `county` VALUES (256, 36, '丹东', 0);
INSERT INTO `county` VALUES (257, 36, '凤城', 0);
INSERT INTO `county` VALUES (258, 36, '宽甸', 0);
INSERT INTO `county` VALUES (259, 36, '东港', 0);
INSERT INTO `county` VALUES (260, 38, '营口', 0);
INSERT INTO `county` VALUES (261, 38, '大石桥', 0);
INSERT INTO `county` VALUES (262, 38, '盖州', 0);
INSERT INTO `county` VALUES (263, 39, '阜新', 0);
INSERT INTO `county` VALUES (264, 39, '彰武', 0);
INSERT INTO `county` VALUES (265, 40, '辽阳', 0);
INSERT INTO `county` VALUES (266, 40, '辽阳县', 0);
INSERT INTO `county` VALUES (267, 40, '灯塔', 0);
INSERT INTO `county` VALUES (268, 40, '弓长岭', 0);
INSERT INTO `county` VALUES (269, 41, '铁岭', 0);
INSERT INTO `county` VALUES (270, 41, '开原', 0);
INSERT INTO `county` VALUES (271, 41, '昌图', 0);
INSERT INTO `county` VALUES (272, 41, '西丰', 0);
INSERT INTO `county` VALUES (273, 41, '调兵山', 0);
INSERT INTO `county` VALUES (274, 42, '朝阳', 0);
INSERT INTO `county` VALUES (275, 42, '凌源', 0);
INSERT INTO `county` VALUES (276, 42, '喀左', 0);
INSERT INTO `county` VALUES (277, 42, '北票', 0);
INSERT INTO `county` VALUES (278, 42, '建平县', 0);
INSERT INTO `county` VALUES (279, 43, '盘锦', 0);
INSERT INTO `county` VALUES (280, 43, '大洼', 0);
INSERT INTO `county` VALUES (281, 43, '盘山', 0);
INSERT INTO `county` VALUES (282, 44, '葫芦岛', 0);
INSERT INTO `county` VALUES (283, 44, '建昌', 0);
INSERT INTO `county` VALUES (284, 44, '绥中', 0);
INSERT INTO `county` VALUES (285, 44, '兴城', 0);
INSERT INTO `county` VALUES (286, 45, '呼和浩特', 0);
INSERT INTO `county` VALUES (287, 45, '土左旗', 0);
INSERT INTO `county` VALUES (288, 45, '托县', 0);
INSERT INTO `county` VALUES (289, 45, '和林', 0);
INSERT INTO `county` VALUES (290, 45, '清水河', 0);
INSERT INTO `county` VALUES (291, 45, '呼市郊区', 0);
INSERT INTO `county` VALUES (292, 45, '武川', 0);
INSERT INTO `county` VALUES (293, 46, '包头', 0);
INSERT INTO `county` VALUES (294, 46, '白云鄂博', 0);
INSERT INTO `county` VALUES (295, 46, '满都拉 ', 0);
INSERT INTO `county` VALUES (296, 46, '土右旗', 0);
INSERT INTO `county` VALUES (297, 46, '固阳', 0);
INSERT INTO `county` VALUES (298, 46, '达茂旗', 0);
INSERT INTO `county` VALUES (299, 46, '希拉穆仁', 0);
INSERT INTO `county` VALUES (300, 47, '乌海', 0);
INSERT INTO `county` VALUES (301, 48, '集宁', 0);
INSERT INTO `county` VALUES (302, 48, '卓资', 0);
INSERT INTO `county` VALUES (303, 48, '化德', 0);
INSERT INTO `county` VALUES (304, 48, '商都', 0);
INSERT INTO `county` VALUES (305, 48, '兴和', 0);
INSERT INTO `county` VALUES (306, 48, '凉城', 0);
INSERT INTO `county` VALUES (307, 48, '察右前旗', 0);
INSERT INTO `county` VALUES (308, 48, '察右中旗', 0);
INSERT INTO `county` VALUES (309, 48, '察右后旗', 0);
INSERT INTO `county` VALUES (310, 48, '四子王旗', 0);
INSERT INTO `county` VALUES (311, 48, '丰镇', 0);
INSERT INTO `county` VALUES (312, 49, '通辽', 0);
INSERT INTO `county` VALUES (313, 49, '舍伯吐', 0);
INSERT INTO `county` VALUES (314, 49, '科左中旗', 0);
INSERT INTO `county` VALUES (315, 49, '科左后旗', 0);
INSERT INTO `county` VALUES (316, 49, '青龙山', 0);
INSERT INTO `county` VALUES (317, 49, '开鲁', 0);
INSERT INTO `county` VALUES (318, 49, '库伦', 0);
INSERT INTO `county` VALUES (319, 49, '奈曼', 0);
INSERT INTO `county` VALUES (320, 49, '扎鲁特', 0);
INSERT INTO `county` VALUES (321, 49, '巴雅尔吐胡硕', 0);
INSERT INTO `county` VALUES (322, 49, '霍林郭勒', 0);
INSERT INTO `county` VALUES (323, 50, '赤峰', 0);
INSERT INTO `county` VALUES (324, 50, '阿鲁旗', 0);
INSERT INTO `county` VALUES (325, 50, '浩尔吐', 0);
INSERT INTO `county` VALUES (326, 50, '巴林左旗', 0);
INSERT INTO `county` VALUES (327, 50, '巴林右旗', 0);
INSERT INTO `county` VALUES (328, 50, '林西', 0);
INSERT INTO `county` VALUES (329, 50, '克什克腾', 0);
INSERT INTO `county` VALUES (330, 50, '翁牛特', 0);
INSERT INTO `county` VALUES (331, 50, '岗子', 0);
INSERT INTO `county` VALUES (332, 50, '喀喇沁', 0);
INSERT INTO `county` VALUES (333, 50, '八里罕', 0);
INSERT INTO `county` VALUES (334, 50, '宁城', 0);
INSERT INTO `county` VALUES (335, 50, '敖汉', 0);
INSERT INTO `county` VALUES (336, 50, '宝国吐', 0);
INSERT INTO `county` VALUES (337, 51, '鄂尔多斯', 0);
INSERT INTO `county` VALUES (338, 51, '达拉特', 0);
INSERT INTO `county` VALUES (339, 51, '准格尔', 0);
INSERT INTO `county` VALUES (340, 51, '鄂前旗', 0);
INSERT INTO `county` VALUES (341, 51, '河南', 0);
INSERT INTO `county` VALUES (342, 51, '伊克乌素', 0);
INSERT INTO `county` VALUES (343, 51, '鄂托克', 0);
INSERT INTO `county` VALUES (344, 51, '杭锦旗', 0);
INSERT INTO `county` VALUES (345, 51, '乌审旗', 0);
INSERT INTO `county` VALUES (346, 51, '伊金霍洛', 0);
INSERT INTO `county` VALUES (347, 51, '乌审召', 0);
INSERT INTO `county` VALUES (348, 51, '东胜', 0);
INSERT INTO `county` VALUES (349, 52, '临河', 0);
INSERT INTO `county` VALUES (350, 52, '五原', 0);
INSERT INTO `county` VALUES (351, 52, '磴口', 0);
INSERT INTO `county` VALUES (352, 52, '乌前旗', 0);
INSERT INTO `county` VALUES (353, 52, '大佘太', 0);
INSERT INTO `county` VALUES (354, 52, '乌中旗', 0);
INSERT INTO `county` VALUES (355, 52, '乌后旗', 0);
INSERT INTO `county` VALUES (356, 52, '海力素', 0);
INSERT INTO `county` VALUES (357, 52, '那仁宝力格', 0);
INSERT INTO `county` VALUES (358, 52, '杭锦后旗', 0);
INSERT INTO `county` VALUES (359, 53, '锡林浩特', 0);
INSERT INTO `county` VALUES (360, 53, '二连浩特', 0);
INSERT INTO `county` VALUES (361, 53, '阿巴嘎', 0);
INSERT INTO `county` VALUES (362, 53, '苏左旗', 0);
INSERT INTO `county` VALUES (363, 53, '苏右旗', 0);
INSERT INTO `county` VALUES (364, 53, '朱日和', 0);
INSERT INTO `county` VALUES (365, 53, '东乌旗', 0);
INSERT INTO `county` VALUES (366, 53, '西乌旗', 0);
INSERT INTO `county` VALUES (367, 53, '太仆寺', 0);
INSERT INTO `county` VALUES (368, 53, '镶黄旗', 0);
INSERT INTO `county` VALUES (369, 53, '正镶白旗', 0);
INSERT INTO `county` VALUES (370, 53, '正蓝旗', 0);
INSERT INTO `county` VALUES (371, 53, '多伦', 0);
INSERT INTO `county` VALUES (372, 53, '博克图', 0);
INSERT INTO `county` VALUES (373, 53, '乌拉盖', 0);
INSERT INTO `county` VALUES (374, 54, '海拉尔', 0);
INSERT INTO `county` VALUES (375, 54, '小二沟', 0);
INSERT INTO `county` VALUES (376, 54, '阿荣旗', 0);
INSERT INTO `county` VALUES (377, 54, '莫力达瓦', 0);
INSERT INTO `county` VALUES (378, 54, '鄂伦春旗', 0);
INSERT INTO `county` VALUES (379, 54, '鄂温克旗', 0);
INSERT INTO `county` VALUES (380, 54, '陈旗', 0);
INSERT INTO `county` VALUES (381, 54, '新左旗', 0);
INSERT INTO `county` VALUES (382, 54, '新右旗', 0);
INSERT INTO `county` VALUES (383, 54, '满洲里', 0);
INSERT INTO `county` VALUES (384, 54, '牙克石', 0);
INSERT INTO `county` VALUES (385, 54, '扎兰屯', 0);
INSERT INTO `county` VALUES (386, 54, '额尔古纳', 0);
INSERT INTO `county` VALUES (387, 54, '根河', 0);
INSERT INTO `county` VALUES (388, 54, '图里河', 0);
INSERT INTO `county` VALUES (389, 55, '乌兰浩特', 0);
INSERT INTO `county` VALUES (390, 55, '高力板', 0);
INSERT INTO `county` VALUES (391, 55, '阿尔山', 0);
INSERT INTO `county` VALUES (392, 55, '科右中旗', 0);
INSERT INTO `county` VALUES (393, 55, '胡尔勒', 0);
INSERT INTO `county` VALUES (394, 55, '扎赉特', 0);
INSERT INTO `county` VALUES (395, 55, '索伦', 0);
INSERT INTO `county` VALUES (396, 55, '突泉', 0);
INSERT INTO `county` VALUES (397, 55, '科右前旗', 0);
INSERT INTO `county` VALUES (398, 56, '阿左旗', 0);
INSERT INTO `county` VALUES (399, 56, '阿右旗', 0);
INSERT INTO `county` VALUES (400, 56, '额济纳', 0);
INSERT INTO `county` VALUES (401, 56, '拐子湖', 0);
INSERT INTO `county` VALUES (402, 56, '吉兰太', 0);
INSERT INTO `county` VALUES (403, 56, '锡林高勒', 0);
INSERT INTO `county` VALUES (404, 56, '头道湖', 0);
INSERT INTO `county` VALUES (405, 56, '中泉子', 0);
INSERT INTO `county` VALUES (406, 56, '诺尔公', 0);
INSERT INTO `county` VALUES (407, 56, '雅布赖', 0);
INSERT INTO `county` VALUES (408, 56, '乌斯泰', 0);
INSERT INTO `county` VALUES (409, 56, '孪井滩', 0);
INSERT INTO `county` VALUES (410, 57, '石家庄', 0);
INSERT INTO `county` VALUES (411, 57, '井陉', 0);
INSERT INTO `county` VALUES (412, 57, '正定', 0);
INSERT INTO `county` VALUES (413, 57, '栾城', 0);
INSERT INTO `county` VALUES (414, 57, '行唐', 0);
INSERT INTO `county` VALUES (415, 57, '灵寿', 0);
INSERT INTO `county` VALUES (416, 57, '高邑', 0);
INSERT INTO `county` VALUES (417, 57, '深泽', 0);
INSERT INTO `county` VALUES (418, 57, '赞皇', 0);
INSERT INTO `county` VALUES (419, 57, '无极', 0);
INSERT INTO `county` VALUES (420, 57, '平山', 0);
INSERT INTO `county` VALUES (421, 57, '元氏', 0);
INSERT INTO `county` VALUES (422, 57, '赵县', 0);
INSERT INTO `county` VALUES (423, 57, '辛集', 0);
INSERT INTO `county` VALUES (424, 57, '藁城', 0);
INSERT INTO `county` VALUES (425, 57, '晋州', 0);
INSERT INTO `county` VALUES (426, 57, '新乐', 0);
INSERT INTO `county` VALUES (427, 57, '鹿泉', 0);
INSERT INTO `county` VALUES (428, 58, '保定', 0);
INSERT INTO `county` VALUES (429, 58, '满城', 0);
INSERT INTO `county` VALUES (430, 58, '阜平', 0);
INSERT INTO `county` VALUES (431, 58, '徐水', 0);
INSERT INTO `county` VALUES (432, 58, '唐县', 0);
INSERT INTO `county` VALUES (433, 58, '高阳', 0);
INSERT INTO `county` VALUES (434, 58, '容城', 0);
INSERT INTO `county` VALUES (435, 58, '涞源', 0);
INSERT INTO `county` VALUES (436, 58, '望都', 0);
INSERT INTO `county` VALUES (437, 58, '安新', 0);
INSERT INTO `county` VALUES (438, 58, '易县', 0);
INSERT INTO `county` VALUES (439, 58, '曲阳', 0);
INSERT INTO `county` VALUES (440, 58, '蠡县', 0);
INSERT INTO `county` VALUES (441, 58, '顺平', 0);
INSERT INTO `county` VALUES (442, 58, '雄县', 0);
INSERT INTO `county` VALUES (443, 58, '涿州', 0);
INSERT INTO `county` VALUES (444, 58, '定州', 0);
INSERT INTO `county` VALUES (445, 58, '安国', 0);
INSERT INTO `county` VALUES (446, 58, '高碑店', 0);
INSERT INTO `county` VALUES (447, 58, '涞水', 0);
INSERT INTO `county` VALUES (448, 58, '定兴', 0);
INSERT INTO `county` VALUES (449, 58, '清苑', 0);
INSERT INTO `county` VALUES (450, 58, '博野', 0);
INSERT INTO `county` VALUES (451, 59, '张家口', 0);
INSERT INTO `county` VALUES (452, 59, '宣化', 0);
INSERT INTO `county` VALUES (453, 59, '张北', 0);
INSERT INTO `county` VALUES (454, 59, '康保', 0);
INSERT INTO `county` VALUES (455, 59, '沽源', 0);
INSERT INTO `county` VALUES (456, 59, '尚义', 0);
INSERT INTO `county` VALUES (457, 59, '蔚县', 0);
INSERT INTO `county` VALUES (458, 59, '阳原', 0);
INSERT INTO `county` VALUES (459, 59, '怀安', 0);
INSERT INTO `county` VALUES (460, 59, '万全', 0);
INSERT INTO `county` VALUES (461, 59, '怀来', 0);
INSERT INTO `county` VALUES (462, 59, '涿鹿', 0);
INSERT INTO `county` VALUES (463, 59, '赤城', 0);
INSERT INTO `county` VALUES (464, 59, '崇礼', 0);
INSERT INTO `county` VALUES (465, 60, '唐山', 0);
INSERT INTO `county` VALUES (466, 60, '丰南', 0);
INSERT INTO `county` VALUES (467, 60, '丰润', 0);
INSERT INTO `county` VALUES (468, 60, '滦县', 0);
INSERT INTO `county` VALUES (469, 60, '滦南', 0);
INSERT INTO `county` VALUES (470, 60, '乐亭', 0);
INSERT INTO `county` VALUES (471, 60, '迁西', 0);
INSERT INTO `county` VALUES (472, 60, '玉田', 0);
INSERT INTO `county` VALUES (473, 60, '唐海', 0);
INSERT INTO `county` VALUES (474, 60, '遵化', 0);
INSERT INTO `county` VALUES (475, 60, '迁安', 0);
INSERT INTO `county` VALUES (476, 60, '曹妃甸', 0);
INSERT INTO `county` VALUES (477, 61, '廊坊', 0);
INSERT INTO `county` VALUES (478, 61, '固安', 0);
INSERT INTO `county` VALUES (479, 61, '永清', 0);
INSERT INTO `county` VALUES (480, 61, '香河', 0);
INSERT INTO `county` VALUES (481, 61, '大城', 0);
INSERT INTO `county` VALUES (482, 61, '文安', 0);
INSERT INTO `county` VALUES (483, 61, '大厂', 0);
INSERT INTO `county` VALUES (484, 61, '霸州', 0);
INSERT INTO `county` VALUES (485, 61, '三河', 0);
INSERT INTO `county` VALUES (486, 62, '沧州', 0);
INSERT INTO `county` VALUES (487, 62, '青县', 0);
INSERT INTO `county` VALUES (488, 62, '东光', 0);
INSERT INTO `county` VALUES (489, 62, '海兴', 0);
INSERT INTO `county` VALUES (490, 62, '盐山', 0);
INSERT INTO `county` VALUES (491, 62, '肃宁', 0);
INSERT INTO `county` VALUES (492, 62, '南皮', 0);
INSERT INTO `county` VALUES (493, 62, '吴桥', 0);
INSERT INTO `county` VALUES (494, 62, '献县', 0);
INSERT INTO `county` VALUES (495, 62, '孟村', 0);
INSERT INTO `county` VALUES (496, 62, '泊头', 0);
INSERT INTO `county` VALUES (497, 62, '任丘', 0);
INSERT INTO `county` VALUES (498, 62, '黄骅', 0);
INSERT INTO `county` VALUES (499, 62, '河间', 0);
INSERT INTO `county` VALUES (500, 62, '沧县', 0);
INSERT INTO `county` VALUES (501, 63, '衡水', 0);
INSERT INTO `county` VALUES (502, 63, '枣强', 0);
INSERT INTO `county` VALUES (503, 63, '武邑', 0);
INSERT INTO `county` VALUES (504, 63, '武强', 0);
INSERT INTO `county` VALUES (505, 63, '饶阳', 0);
INSERT INTO `county` VALUES (506, 63, '安平', 0);
INSERT INTO `county` VALUES (507, 63, '故城', 0);
INSERT INTO `county` VALUES (508, 63, '景县', 0);
INSERT INTO `county` VALUES (509, 63, '阜城', 0);
INSERT INTO `county` VALUES (510, 63, '冀州', 0);
INSERT INTO `county` VALUES (511, 63, '深州', 0);
INSERT INTO `county` VALUES (512, 64, '邢台', 0);
INSERT INTO `county` VALUES (513, 64, '临城', 0);
INSERT INTO `county` VALUES (514, 64, '内丘', 0);
INSERT INTO `county` VALUES (515, 64, '柏乡', 0);
INSERT INTO `county` VALUES (516, 64, '隆尧', 0);
INSERT INTO `county` VALUES (517, 64, '南和', 0);
INSERT INTO `county` VALUES (518, 64, '宁晋', 0);
INSERT INTO `county` VALUES (519, 64, '巨鹿', 0);
INSERT INTO `county` VALUES (520, 64, '新河', 0);
INSERT INTO `county` VALUES (521, 64, '广宗', 0);
INSERT INTO `county` VALUES (522, 64, '平乡', 0);
INSERT INTO `county` VALUES (523, 64, '威县', 0);
INSERT INTO `county` VALUES (524, 64, '清河', 0);
INSERT INTO `county` VALUES (525, 64, '临西', 0);
INSERT INTO `county` VALUES (526, 64, '南宫', 0);
INSERT INTO `county` VALUES (527, 64, '沙河', 0);
INSERT INTO `county` VALUES (528, 64, '任县', 0);
INSERT INTO `county` VALUES (529, 65, '邯郸', 0);
INSERT INTO `county` VALUES (530, 65, '峰峰', 0);
INSERT INTO `county` VALUES (531, 65, '临漳', 0);
INSERT INTO `county` VALUES (532, 65, '成安', 0);
INSERT INTO `county` VALUES (533, 65, '大名', 0);
INSERT INTO `county` VALUES (534, 65, '涉县', 0);
INSERT INTO `county` VALUES (535, 65, '磁县', 0);
INSERT INTO `county` VALUES (536, 65, '肥乡', 0);
INSERT INTO `county` VALUES (537, 65, '永年', 0);
INSERT INTO `county` VALUES (538, 65, '邱县', 0);
INSERT INTO `county` VALUES (539, 65, '鸡泽', 0);
INSERT INTO `county` VALUES (540, 65, '广平', 0);
INSERT INTO `county` VALUES (541, 65, '馆陶', 0);
INSERT INTO `county` VALUES (542, 65, '魏县', 0);
INSERT INTO `county` VALUES (543, 65, '曲周', 0);
INSERT INTO `county` VALUES (544, 65, '武安', 0);
INSERT INTO `county` VALUES (545, 66, '秦皇岛', 0);
INSERT INTO `county` VALUES (546, 66, '青龙', 0);
INSERT INTO `county` VALUES (547, 66, '昌黎', 0);
INSERT INTO `county` VALUES (548, 66, '抚宁', 0);
INSERT INTO `county` VALUES (549, 66, '卢龙', 0);
INSERT INTO `county` VALUES (550, 66, '北戴河', 0);
INSERT INTO `county` VALUES (551, 68, '安阳', 0);
INSERT INTO `county` VALUES (552, 68, '汤阴', 0);
INSERT INTO `county` VALUES (553, 68, '滑县', 0);
INSERT INTO `county` VALUES (554, 68, '内黄', 0);
INSERT INTO `county` VALUES (555, 68, '林州', 0);
INSERT INTO `county` VALUES (556, 67, '郑州', 0);
INSERT INTO `county` VALUES (557, 67, '巩义', 0);
INSERT INTO `county` VALUES (558, 67, '荥阳', 0);
INSERT INTO `county` VALUES (559, 67, '登封', 0);
INSERT INTO `county` VALUES (560, 67, '新密', 0);
INSERT INTO `county` VALUES (561, 67, '新郑', 0);
INSERT INTO `county` VALUES (562, 67, '中牟', 0);
INSERT INTO `county` VALUES (563, 67, '上街', 0);
INSERT INTO `county` VALUES (564, 70, '许昌', 0);
INSERT INTO `county` VALUES (565, 70, '鄢陵', 0);
INSERT INTO `county` VALUES (566, 70, '襄城', 0);
INSERT INTO `county` VALUES (567, 70, '长葛', 0);
INSERT INTO `county` VALUES (568, 70, '禹州', 0);
INSERT INTO `county` VALUES (569, 71, '平顶山', 0);
INSERT INTO `county` VALUES (570, 71, '郏县', 0);
INSERT INTO `county` VALUES (571, 71, '宝丰', 0);
INSERT INTO `county` VALUES (572, 71, '汝州', 0);
INSERT INTO `county` VALUES (573, 71, '叶县', 0);
INSERT INTO `county` VALUES (574, 71, '舞钢', 0);
INSERT INTO `county` VALUES (575, 71, '鲁山', 0);
INSERT INTO `county` VALUES (576, 71, '石龙', 0);
INSERT INTO `county` VALUES (577, 72, '信阳', 0);
INSERT INTO `county` VALUES (578, 72, '息县', 0);
INSERT INTO `county` VALUES (579, 72, '罗山', 0);
INSERT INTO `county` VALUES (580, 72, '光山', 0);
INSERT INTO `county` VALUES (581, 72, '新县', 0);
INSERT INTO `county` VALUES (582, 72, '淮滨', 0);
INSERT INTO `county` VALUES (583, 72, '潢川', 0);
INSERT INTO `county` VALUES (584, 72, '固始', 0);
INSERT INTO `county` VALUES (585, 72, '商城', 0);
INSERT INTO `county` VALUES (586, 74, '开封', 0);
INSERT INTO `county` VALUES (587, 74, '杞县', 0);
INSERT INTO `county` VALUES (588, 74, '尉氏', 0);
INSERT INTO `county` VALUES (589, 74, '通许', 0);
INSERT INTO `county` VALUES (590, 74, '兰考', 0);
INSERT INTO `county` VALUES (591, 73, '南阳', 0);
INSERT INTO `county` VALUES (592, 73, '南召', 0);
INSERT INTO `county` VALUES (593, 73, '方城', 0);
INSERT INTO `county` VALUES (594, 73, '社旗', 0);
INSERT INTO `county` VALUES (595, 73, '西峡', 0);
INSERT INTO `county` VALUES (596, 73, '内乡', 0);
INSERT INTO `county` VALUES (597, 73, '镇平', 0);
INSERT INTO `county` VALUES (598, 73, '淅川', 0);
INSERT INTO `county` VALUES (599, 73, '新野', 0);
INSERT INTO `county` VALUES (600, 73, '唐河', 0);
INSERT INTO `county` VALUES (601, 73, '邓州', 0);
INSERT INTO `county` VALUES (602, 73, '桐柏', 0);
INSERT INTO `county` VALUES (603, 69, '新乡', 0);
INSERT INTO `county` VALUES (604, 69, '获嘉', 0);
INSERT INTO `county` VALUES (605, 69, '原阳', 0);
INSERT INTO `county` VALUES (606, 69, '辉县', 0);
INSERT INTO `county` VALUES (607, 69, '卫辉', 0);
INSERT INTO `county` VALUES (608, 69, '延津', 0);
INSERT INTO `county` VALUES (609, 69, '封丘', 0);
INSERT INTO `county` VALUES (610, 69, '长垣', 0);
INSERT INTO `county` VALUES (611, 75, '洛阳', 0);
INSERT INTO `county` VALUES (612, 75, '新安', 0);
INSERT INTO `county` VALUES (613, 75, '孟津', 0);
INSERT INTO `county` VALUES (614, 75, '宜阳', 0);
INSERT INTO `county` VALUES (615, 75, '洛宁', 0);
INSERT INTO `county` VALUES (616, 75, '伊川', 0);
INSERT INTO `county` VALUES (617, 75, '嵩县', 0);
INSERT INTO `county` VALUES (618, 75, '偃师', 0);
INSERT INTO `county` VALUES (619, 75, '栾川', 0);
INSERT INTO `county` VALUES (620, 75, '汝阳', 0);
INSERT INTO `county` VALUES (621, 75, '吉利', 0);
INSERT INTO `county` VALUES (622, 76, '商丘', 0);
INSERT INTO `county` VALUES (623, 76, '睢县', 0);
INSERT INTO `county` VALUES (624, 76, '民权', 0);
INSERT INTO `county` VALUES (625, 76, '虞城', 0);
INSERT INTO `county` VALUES (626, 76, '柘城', 0);
INSERT INTO `county` VALUES (627, 76, '宁陵', 0);
INSERT INTO `county` VALUES (628, 76, '夏邑', 0);
INSERT INTO `county` VALUES (629, 76, '永城', 0);
INSERT INTO `county` VALUES (630, 77, '焦作', 0);
INSERT INTO `county` VALUES (631, 77, '修武', 0);
INSERT INTO `county` VALUES (632, 77, '武陟', 0);
INSERT INTO `county` VALUES (633, 77, '沁阳', 0);
INSERT INTO `county` VALUES (634, 77, '博爱', 0);
INSERT INTO `county` VALUES (635, 77, '温县', 0);
INSERT INTO `county` VALUES (636, 77, '孟州', 0);
INSERT INTO `county` VALUES (637, 78, '鹤壁', 0);
INSERT INTO `county` VALUES (638, 78, '浚县', 0);
INSERT INTO `county` VALUES (639, 78, '淇县', 0);
INSERT INTO `county` VALUES (640, 79, '濮阳', 0);
INSERT INTO `county` VALUES (641, 79, '台前', 0);
INSERT INTO `county` VALUES (642, 79, '南乐', 0);
INSERT INTO `county` VALUES (643, 79, '清丰', 0);
INSERT INTO `county` VALUES (644, 79, '范县', 0);
INSERT INTO `county` VALUES (645, 80, '周口', 0);
INSERT INTO `county` VALUES (646, 80, '扶沟', 0);
INSERT INTO `county` VALUES (647, 80, '太康', 0);
INSERT INTO `county` VALUES (648, 80, '淮阳', 0);
INSERT INTO `county` VALUES (649, 80, '西华', 0);
INSERT INTO `county` VALUES (650, 80, '商水', 0);
INSERT INTO `county` VALUES (651, 80, '项城', 0);
INSERT INTO `county` VALUES (652, 80, '郸城', 0);
INSERT INTO `county` VALUES (653, 80, '鹿邑', 0);
INSERT INTO `county` VALUES (654, 80, '沈丘', 0);
INSERT INTO `county` VALUES (655, 81, '漯河', 0);
INSERT INTO `county` VALUES (656, 81, '临颍', 0);
INSERT INTO `county` VALUES (657, 81, '舞阳', 0);
INSERT INTO `county` VALUES (658, 82, '驻马店', 0);
INSERT INTO `county` VALUES (659, 82, '西平', 0);
INSERT INTO `county` VALUES (660, 82, '遂平', 0);
INSERT INTO `county` VALUES (661, 82, '上蔡', 0);
INSERT INTO `county` VALUES (662, 82, '汝南', 0);
INSERT INTO `county` VALUES (663, 82, '泌阳', 0);
INSERT INTO `county` VALUES (664, 82, '平舆', 0);
INSERT INTO `county` VALUES (665, 82, '新蔡', 0);
INSERT INTO `county` VALUES (666, 82, '确山', 0);
INSERT INTO `county` VALUES (667, 82, '正阳', 0);
INSERT INTO `county` VALUES (668, 83, '三门峡', 0);
INSERT INTO `county` VALUES (669, 83, '灵宝', 0);
INSERT INTO `county` VALUES (670, 83, '渑池', 0);
INSERT INTO `county` VALUES (671, 83, '卢氏', 0);
INSERT INTO `county` VALUES (672, 83, '义马', 0);
INSERT INTO `county` VALUES (673, 83, '陕县', 0);
INSERT INTO `county` VALUES (674, 84, '济源', 0);
INSERT INTO `county` VALUES (675, 85, '太原', 0);
INSERT INTO `county` VALUES (676, 85, '清徐', 0);
INSERT INTO `county` VALUES (677, 85, '阳曲', 0);
INSERT INTO `county` VALUES (678, 85, '娄烦', 0);
INSERT INTO `county` VALUES (679, 85, '古交', 0);
INSERT INTO `county` VALUES (680, 85, '尖草坪区', 0);
INSERT INTO `county` VALUES (681, 85, '小店区', 0);
INSERT INTO `county` VALUES (682, 86, '大同', 0);
INSERT INTO `county` VALUES (683, 86, '阳高', 0);
INSERT INTO `county` VALUES (684, 86, '大同县', 0);
INSERT INTO `county` VALUES (685, 86, '天镇', 0);
INSERT INTO `county` VALUES (686, 86, '广灵', 0);
INSERT INTO `county` VALUES (687, 86, '灵丘', 0);
INSERT INTO `county` VALUES (688, 86, '浑源', 0);
INSERT INTO `county` VALUES (689, 86, '左云', 0);
INSERT INTO `county` VALUES (690, 87, '阳泉', 0);
INSERT INTO `county` VALUES (691, 87, '盂县', 0);
INSERT INTO `county` VALUES (692, 87, '平定', 0);
INSERT INTO `county` VALUES (693, 88, '晋中', 0);
INSERT INTO `county` VALUES (694, 88, '榆次', 0);
INSERT INTO `county` VALUES (695, 88, '榆社', 0);
INSERT INTO `county` VALUES (696, 88, '左权', 0);
INSERT INTO `county` VALUES (697, 88, '和顺', 0);
INSERT INTO `county` VALUES (698, 88, '昔阳', 0);
INSERT INTO `county` VALUES (699, 88, '寿阳', 0);
INSERT INTO `county` VALUES (700, 88, '太谷', 0);
INSERT INTO `county` VALUES (701, 88, '祁县', 0);
INSERT INTO `county` VALUES (702, 88, '平遥', 0);
INSERT INTO `county` VALUES (703, 88, '灵石', 0);
INSERT INTO `county` VALUES (704, 88, '介休', 0);
INSERT INTO `county` VALUES (705, 89, '长治', 0);
INSERT INTO `county` VALUES (706, 89, '黎城', 0);
INSERT INTO `county` VALUES (707, 89, '屯留', 0);
INSERT INTO `county` VALUES (708, 89, '潞城', 0);
INSERT INTO `county` VALUES (709, 89, '襄垣', 0);
INSERT INTO `county` VALUES (710, 89, '平顺', 0);
INSERT INTO `county` VALUES (711, 89, '武乡', 0);
INSERT INTO `county` VALUES (712, 89, '沁县', 0);
INSERT INTO `county` VALUES (713, 89, '长子', 0);
INSERT INTO `county` VALUES (714, 89, '沁源', 0);
INSERT INTO `county` VALUES (715, 89, '壶关', 0);
INSERT INTO `county` VALUES (716, 90, '晋城', 0);
INSERT INTO `county` VALUES (717, 90, '沁水', 0);
INSERT INTO `county` VALUES (718, 90, '阳城', 0);
INSERT INTO `county` VALUES (719, 90, '陵川', 0);
INSERT INTO `county` VALUES (720, 90, '高平', 0);
INSERT INTO `county` VALUES (721, 90, '泽州', 0);
INSERT INTO `county` VALUES (722, 91, '临汾', 0);
INSERT INTO `county` VALUES (723, 91, '曲沃', 0);
INSERT INTO `county` VALUES (724, 91, '永和', 0);
INSERT INTO `county` VALUES (725, 91, '隰县', 0);
INSERT INTO `county` VALUES (726, 91, '大宁', 0);
INSERT INTO `county` VALUES (727, 91, '吉县', 0);
INSERT INTO `county` VALUES (728, 91, '襄汾', 0);
INSERT INTO `county` VALUES (729, 91, '蒲县', 0);
INSERT INTO `county` VALUES (730, 91, '汾西', 0);
INSERT INTO `county` VALUES (731, 91, '洪洞', 0);
INSERT INTO `county` VALUES (732, 91, '霍州', 0);
INSERT INTO `county` VALUES (733, 91, '乡宁', 0);
INSERT INTO `county` VALUES (734, 91, '翼城', 0);
INSERT INTO `county` VALUES (735, 91, '侯马', 0);
INSERT INTO `county` VALUES (736, 91, '浮山', 0);
INSERT INTO `county` VALUES (737, 91, '安泽', 0);
INSERT INTO `county` VALUES (738, 91, '古县', 0);
INSERT INTO `county` VALUES (739, 92, '运城', 0);
INSERT INTO `county` VALUES (740, 92, '临猗', 0);
INSERT INTO `county` VALUES (741, 92, '稷山', 0);
INSERT INTO `county` VALUES (742, 92, '万荣', 0);
INSERT INTO `county` VALUES (743, 92, '河津', 0);
INSERT INTO `county` VALUES (744, 92, '新绛', 0);
INSERT INTO `county` VALUES (745, 92, '绛县', 0);
INSERT INTO `county` VALUES (746, 92, '闻喜', 0);
INSERT INTO `county` VALUES (747, 92, '垣曲', 0);
INSERT INTO `county` VALUES (748, 92, '永济', 0);
INSERT INTO `county` VALUES (749, 92, '芮城', 0);
INSERT INTO `county` VALUES (750, 92, '夏县', 0);
INSERT INTO `county` VALUES (751, 92, '平陆', 0);
INSERT INTO `county` VALUES (752, 93, '朔州', 0);
INSERT INTO `county` VALUES (753, 93, '平鲁', 0);
INSERT INTO `county` VALUES (754, 93, '山阴', 0);
INSERT INTO `county` VALUES (755, 93, '右玉', 0);
INSERT INTO `county` VALUES (756, 93, '应县', 0);
INSERT INTO `county` VALUES (757, 93, '怀仁', 0);
INSERT INTO `county` VALUES (758, 94, '忻州', 0);
INSERT INTO `county` VALUES (759, 94, '定襄', 0);
INSERT INTO `county` VALUES (760, 94, '五台县', 0);
INSERT INTO `county` VALUES (761, 94, '河曲', 0);
INSERT INTO `county` VALUES (762, 94, '偏关', 0);
INSERT INTO `county` VALUES (763, 94, '神池', 0);
INSERT INTO `county` VALUES (764, 94, '宁武', 0);
INSERT INTO `county` VALUES (765, 94, '代县', 0);
INSERT INTO `county` VALUES (766, 94, '繁峙', 0);
INSERT INTO `county` VALUES (767, 94, '五台山', 0);
INSERT INTO `county` VALUES (768, 94, '保德', 0);
INSERT INTO `county` VALUES (769, 94, '静乐', 0);
INSERT INTO `county` VALUES (770, 94, '岢岚', 0);
INSERT INTO `county` VALUES (771, 94, '五寨', 0);
INSERT INTO `county` VALUES (772, 94, '原平', 0);
INSERT INTO `county` VALUES (773, 95, '离石', 0);
INSERT INTO `county` VALUES (774, 95, '临县', 0);
INSERT INTO `county` VALUES (775, 95, '兴县', 0);
INSERT INTO `county` VALUES (776, 95, '岚县', 0);
INSERT INTO `county` VALUES (777, 95, '柳林', 0);
INSERT INTO `county` VALUES (778, 95, '石楼', 0);
INSERT INTO `county` VALUES (779, 95, '方山', 0);
INSERT INTO `county` VALUES (780, 95, '交口', 0);
INSERT INTO `county` VALUES (781, 95, '中阳', 0);
INSERT INTO `county` VALUES (782, 95, '孝义', 0);
INSERT INTO `county` VALUES (783, 95, '汾阳', 0);
INSERT INTO `county` VALUES (784, 95, '文水', 0);
INSERT INTO `county` VALUES (785, 95, '交城', 0);
INSERT INTO `county` VALUES (786, 96, '济南', 0);
INSERT INTO `county` VALUES (787, 96, '长清', 0);
INSERT INTO `county` VALUES (788, 96, '商河', 0);
INSERT INTO `county` VALUES (789, 96, '章丘', 0);
INSERT INTO `county` VALUES (790, 96, '平阴', 0);
INSERT INTO `county` VALUES (791, 96, '济阳', 0);
INSERT INTO `county` VALUES (792, 97, '青岛', 0);
INSERT INTO `county` VALUES (793, 97, '崂山', 0);
INSERT INTO `county` VALUES (794, 97, '即墨', 0);
INSERT INTO `county` VALUES (795, 97, '胶州', 0);
INSERT INTO `county` VALUES (796, 97, '黄岛', 0);
INSERT INTO `county` VALUES (797, 97, '莱西', 0);
INSERT INTO `county` VALUES (798, 97, '平度', 0);
INSERT INTO `county` VALUES (799, 98, '淄博', 0);
INSERT INTO `county` VALUES (800, 98, '淄川', 0);
INSERT INTO `county` VALUES (801, 98, '博山', 0);
INSERT INTO `county` VALUES (802, 98, '高青', 0);
INSERT INTO `county` VALUES (803, 98, '周村', 0);
INSERT INTO `county` VALUES (804, 98, '沂源', 0);
INSERT INTO `county` VALUES (805, 98, '桓台', 0);
INSERT INTO `county` VALUES (806, 98, '临淄', 0);
INSERT INTO `county` VALUES (807, 99, '德州', 0);
INSERT INTO `county` VALUES (808, 99, '武城', 0);
INSERT INTO `county` VALUES (809, 99, '临邑', 0);
INSERT INTO `county` VALUES (810, 99, '陵县', 0);
INSERT INTO `county` VALUES (811, 99, '齐河', 0);
INSERT INTO `county` VALUES (812, 99, '乐陵', 0);
INSERT INTO `county` VALUES (813, 99, '庆云', 0);
INSERT INTO `county` VALUES (814, 99, '平原', 0);
INSERT INTO `county` VALUES (815, 99, '宁津', 0);
INSERT INTO `county` VALUES (816, 99, '夏津', 0);
INSERT INTO `county` VALUES (817, 99, '禹城', 0);
INSERT INTO `county` VALUES (818, 100, '烟台', 0);
INSERT INTO `county` VALUES (819, 100, '莱州', 0);
INSERT INTO `county` VALUES (820, 100, '长岛', 0);
INSERT INTO `county` VALUES (821, 100, '蓬莱', 0);
INSERT INTO `county` VALUES (822, 100, '龙口', 0);
INSERT INTO `county` VALUES (823, 100, '招远', 0);
INSERT INTO `county` VALUES (824, 100, '栖霞', 0);
INSERT INTO `county` VALUES (825, 100, '福山', 0);
INSERT INTO `county` VALUES (826, 100, '牟平', 0);
INSERT INTO `county` VALUES (827, 100, '莱阳', 0);
INSERT INTO `county` VALUES (828, 100, '海阳', 0);
INSERT INTO `county` VALUES (829, 101, '潍坊', 0);
INSERT INTO `county` VALUES (830, 101, '青州', 0);
INSERT INTO `county` VALUES (831, 101, '寿光', 0);
INSERT INTO `county` VALUES (832, 101, '临朐', 0);
INSERT INTO `county` VALUES (833, 101, '昌乐', 0);
INSERT INTO `county` VALUES (834, 101, '昌邑', 0);
INSERT INTO `county` VALUES (835, 101, '安丘', 0);
INSERT INTO `county` VALUES (836, 101, '高密', 0);
INSERT INTO `county` VALUES (837, 101, '诸城', 0);
INSERT INTO `county` VALUES (838, 102, '济宁', 0);
INSERT INTO `county` VALUES (839, 102, '嘉祥', 0);
INSERT INTO `county` VALUES (840, 102, '微山', 0);
INSERT INTO `county` VALUES (841, 102, '鱼台', 0);
INSERT INTO `county` VALUES (842, 102, '兖州', 0);
INSERT INTO `county` VALUES (843, 102, '金乡', 0);
INSERT INTO `county` VALUES (844, 102, '汶上', 0);
INSERT INTO `county` VALUES (845, 102, '泗水', 0);
INSERT INTO `county` VALUES (846, 102, '梁山', 0);
INSERT INTO `county` VALUES (847, 102, '曲阜', 0);
INSERT INTO `county` VALUES (848, 102, '邹城', 0);
INSERT INTO `county` VALUES (849, 103, '泰安', 0);
INSERT INTO `county` VALUES (850, 103, '新泰', 0);
INSERT INTO `county` VALUES (851, 103, '肥城', 0);
INSERT INTO `county` VALUES (852, 103, '东平', 0);
INSERT INTO `county` VALUES (853, 103, '宁阳', 0);
INSERT INTO `county` VALUES (854, 104, '临沂', 0);
INSERT INTO `county` VALUES (855, 104, '莒南', 0);
INSERT INTO `county` VALUES (856, 104, '沂南', 0);
INSERT INTO `county` VALUES (857, 104, '兰陵', 0);
INSERT INTO `county` VALUES (858, 104, '临沭', 0);
INSERT INTO `county` VALUES (859, 104, '郯城', 0);
INSERT INTO `county` VALUES (860, 104, '蒙阴', 0);
INSERT INTO `county` VALUES (861, 104, '平邑', 0);
INSERT INTO `county` VALUES (862, 104, '费县', 0);
INSERT INTO `county` VALUES (863, 104, '沂水', 0);
INSERT INTO `county` VALUES (864, 105, '菏泽', 0);
INSERT INTO `county` VALUES (865, 105, '鄄城', 0);
INSERT INTO `county` VALUES (866, 105, '郓城', 0);
INSERT INTO `county` VALUES (867, 105, '东明', 0);
INSERT INTO `county` VALUES (868, 105, '定陶', 0);
INSERT INTO `county` VALUES (869, 105, '巨野', 0);
INSERT INTO `county` VALUES (870, 105, '曹县', 0);
INSERT INTO `county` VALUES (871, 105, '成武', 0);
INSERT INTO `county` VALUES (872, 105, '单县', 0);
INSERT INTO `county` VALUES (873, 106, '滨州', 0);
INSERT INTO `county` VALUES (874, 106, '博兴', 0);
INSERT INTO `county` VALUES (875, 106, '无棣', 0);
INSERT INTO `county` VALUES (876, 106, '阳信', 0);
INSERT INTO `county` VALUES (877, 106, '惠民', 0);
INSERT INTO `county` VALUES (878, 106, '沾化', 0);
INSERT INTO `county` VALUES (879, 106, '邹平', 0);
INSERT INTO `county` VALUES (880, 107, '东营', 0);
INSERT INTO `county` VALUES (881, 107, '河口', 0);
INSERT INTO `county` VALUES (882, 107, '垦利', 0);
INSERT INTO `county` VALUES (883, 107, '利津', 0);
INSERT INTO `county` VALUES (884, 107, '广饶', 0);
INSERT INTO `county` VALUES (885, 108, '威海', 0);
INSERT INTO `county` VALUES (886, 108, '文登', 0);
INSERT INTO `county` VALUES (887, 108, '荣成', 0);
INSERT INTO `county` VALUES (888, 108, '乳山', 0);
INSERT INTO `county` VALUES (889, 108, '成山头', 0);
INSERT INTO `county` VALUES (890, 108, '石岛', 0);
INSERT INTO `county` VALUES (891, 109, '枣庄', 0);
INSERT INTO `county` VALUES (892, 109, '薛城', 0);
INSERT INTO `county` VALUES (893, 109, '峄城', 0);
INSERT INTO `county` VALUES (894, 109, '台儿庄', 0);
INSERT INTO `county` VALUES (895, 109, '滕州', 0);
INSERT INTO `county` VALUES (896, 110, '日照', 0);
INSERT INTO `county` VALUES (897, 110, '五莲', 0);
INSERT INTO `county` VALUES (898, 110, '莒县', 0);
INSERT INTO `county` VALUES (899, 111, '莱芜', 0);
INSERT INTO `county` VALUES (900, 112, '聊城', 0);
INSERT INTO `county` VALUES (901, 112, '冠县', 0);
INSERT INTO `county` VALUES (902, 112, '阳谷', 0);
INSERT INTO `county` VALUES (903, 112, '高唐', 0);
INSERT INTO `county` VALUES (904, 112, '茌平', 0);
INSERT INTO `county` VALUES (905, 112, '东阿', 0);
INSERT INTO `county` VALUES (906, 112, '临清', 0);
INSERT INTO `county` VALUES (907, 112, '莘县', 0);
INSERT INTO `county` VALUES (908, 113, '南京', 0);
INSERT INTO `county` VALUES (909, 113, '溧水', 0);
INSERT INTO `county` VALUES (910, 113, '高淳', 0);
INSERT INTO `county` VALUES (911, 113, '江宁', 0);
INSERT INTO `county` VALUES (912, 113, '六合', 0);
INSERT INTO `county` VALUES (913, 113, '江浦', 0);
INSERT INTO `county` VALUES (914, 113, '浦口', 0);
INSERT INTO `county` VALUES (915, 114, '无锡', 0);
INSERT INTO `county` VALUES (916, 114, '江阴', 0);
INSERT INTO `county` VALUES (917, 114, '宜兴', 0);
INSERT INTO `county` VALUES (918, 114, '锡山', 0);
INSERT INTO `county` VALUES (919, 115, '镇江', 0);
INSERT INTO `county` VALUES (920, 115, '丹阳', 0);
INSERT INTO `county` VALUES (921, 115, '扬中', 0);
INSERT INTO `county` VALUES (922, 115, '句容', 0);
INSERT INTO `county` VALUES (923, 115, '丹徒', 0);
INSERT INTO `county` VALUES (924, 116, '苏州', 0);
INSERT INTO `county` VALUES (925, 116, '常熟', 0);
INSERT INTO `county` VALUES (926, 116, '张家港', 0);
INSERT INTO `county` VALUES (927, 116, '昆山', 0);
INSERT INTO `county` VALUES (928, 116, '吴中', 0);
INSERT INTO `county` VALUES (929, 116, '吴江', 0);
INSERT INTO `county` VALUES (930, 116, '太仓', 0);
INSERT INTO `county` VALUES (931, 117, '南通', 0);
INSERT INTO `county` VALUES (932, 117, '海安', 0);
INSERT INTO `county` VALUES (933, 117, '如皋', 0);
INSERT INTO `county` VALUES (934, 117, '如东', 0);
INSERT INTO `county` VALUES (935, 117, '启东', 0);
INSERT INTO `county` VALUES (936, 117, '海门', 0);
INSERT INTO `county` VALUES (937, 117, '通州', 0);
INSERT INTO `county` VALUES (938, 118, '扬州', 0);
INSERT INTO `county` VALUES (939, 118, '宝应', 0);
INSERT INTO `county` VALUES (940, 118, '仪征', 0);
INSERT INTO `county` VALUES (941, 118, '高邮', 0);
INSERT INTO `county` VALUES (942, 118, '江都', 0);
INSERT INTO `county` VALUES (943, 118, '邗江', 0);
INSERT INTO `county` VALUES (944, 119, '盐城', 0);
INSERT INTO `county` VALUES (945, 119, '响水', 0);
INSERT INTO `county` VALUES (946, 119, '滨海', 0);
INSERT INTO `county` VALUES (947, 119, '阜宁', 0);
INSERT INTO `county` VALUES (948, 119, '射阳', 0);
INSERT INTO `county` VALUES (949, 119, '建湖', 0);
INSERT INTO `county` VALUES (950, 119, '东台', 0);
INSERT INTO `county` VALUES (951, 119, '大丰', 0);
INSERT INTO `county` VALUES (952, 119, '盐都', 0);
INSERT INTO `county` VALUES (953, 120, '徐州', 0);
INSERT INTO `county` VALUES (954, 120, '铜山', 0);
INSERT INTO `county` VALUES (955, 120, '丰县', 0);
INSERT INTO `county` VALUES (956, 120, '沛县', 0);
INSERT INTO `county` VALUES (957, 120, '邳州', 0);
INSERT INTO `county` VALUES (958, 120, '睢宁', 0);
INSERT INTO `county` VALUES (959, 120, '新沂', 0);
INSERT INTO `county` VALUES (960, 121, '淮安', 0);
INSERT INTO `county` VALUES (961, 121, '金湖', 0);
INSERT INTO `county` VALUES (962, 121, '盱眙', 0);
INSERT INTO `county` VALUES (963, 121, '洪泽', 0);
INSERT INTO `county` VALUES (964, 121, '涟水', 0);
INSERT INTO `county` VALUES (965, 121, '淮阴区', 0);
INSERT INTO `county` VALUES (966, 121, '淮安区', 0);
INSERT INTO `county` VALUES (967, 122, '连云港', 0);
INSERT INTO `county` VALUES (968, 122, '东海', 0);
INSERT INTO `county` VALUES (969, 122, '赣榆', 0);
INSERT INTO `county` VALUES (970, 122, '灌云', 0);
INSERT INTO `county` VALUES (971, 122, '灌南', 0);
INSERT INTO `county` VALUES (972, 123, '常州', 0);
INSERT INTO `county` VALUES (973, 123, '溧阳', 0);
INSERT INTO `county` VALUES (974, 123, '金坛', 0);
INSERT INTO `county` VALUES (975, 123, '武进', 0);
INSERT INTO `county` VALUES (976, 124, '泰州', 0);
INSERT INTO `county` VALUES (977, 124, '兴化', 0);
INSERT INTO `county` VALUES (978, 124, '泰兴', 0);
INSERT INTO `county` VALUES (979, 124, '姜堰', 0);
INSERT INTO `county` VALUES (980, 124, '靖江', 0);
INSERT INTO `county` VALUES (981, 125, '宿迁', 0);
INSERT INTO `county` VALUES (982, 125, '沭阳', 0);
INSERT INTO `county` VALUES (983, 125, '泗阳', 0);
INSERT INTO `county` VALUES (984, 125, '泗洪', 0);
INSERT INTO `county` VALUES (985, 125, '宿豫', 0);
INSERT INTO `county` VALUES (986, 126, '杭州', 0);
INSERT INTO `county` VALUES (987, 126, '萧山', 0);
INSERT INTO `county` VALUES (988, 126, '桐庐', 0);
INSERT INTO `county` VALUES (989, 126, '淳安', 0);
INSERT INTO `county` VALUES (990, 126, '建德', 0);
INSERT INTO `county` VALUES (991, 126, '余杭', 0);
INSERT INTO `county` VALUES (992, 126, '临安', 0);
INSERT INTO `county` VALUES (993, 126, '富阳', 0);
INSERT INTO `county` VALUES (994, 127, '湖州', 0);
INSERT INTO `county` VALUES (995, 127, '长兴', 0);
INSERT INTO `county` VALUES (996, 127, '安吉', 0);
INSERT INTO `county` VALUES (997, 127, '德清', 0);
INSERT INTO `county` VALUES (998, 128, '嘉兴', 0);
INSERT INTO `county` VALUES (999, 128, '嘉善', 0);
INSERT INTO `county` VALUES (1000, 128, '海宁', 0);
INSERT INTO `county` VALUES (1001, 128, '桐乡', 0);
INSERT INTO `county` VALUES (1002, 128, '平湖', 0);
INSERT INTO `county` VALUES (1003, 128, '海盐', 0);
INSERT INTO `county` VALUES (1004, 129, '宁波', 0);
INSERT INTO `county` VALUES (1005, 129, '慈溪', 0);
INSERT INTO `county` VALUES (1006, 129, '余姚', 0);
INSERT INTO `county` VALUES (1007, 129, '奉化', 0);
INSERT INTO `county` VALUES (1008, 129, '象山', 0);
INSERT INTO `county` VALUES (1009, 129, '宁海', 0);
INSERT INTO `county` VALUES (1010, 129, '北仑', 0);
INSERT INTO `county` VALUES (1011, 129, '鄞州', 0);
INSERT INTO `county` VALUES (1012, 129, '镇海', 0);
INSERT INTO `county` VALUES (1013, 130, '绍兴', 0);
INSERT INTO `county` VALUES (1014, 130, '诸暨', 0);
INSERT INTO `county` VALUES (1015, 130, '上虞', 0);
INSERT INTO `county` VALUES (1016, 130, '新昌', 0);
INSERT INTO `county` VALUES (1017, 130, '嵊州', 0);
INSERT INTO `county` VALUES (1018, 131, '台州', 0);
INSERT INTO `county` VALUES (1019, 131, '玉环', 0);
INSERT INTO `county` VALUES (1020, 131, '三门', 0);
INSERT INTO `county` VALUES (1021, 131, '天台', 0);
INSERT INTO `county` VALUES (1022, 131, '仙居', 0);
INSERT INTO `county` VALUES (1023, 131, '温岭', 0);
INSERT INTO `county` VALUES (1024, 131, '洪家', 0);
INSERT INTO `county` VALUES (1025, 131, '临海', 0);
INSERT INTO `county` VALUES (1026, 131, '椒江', 0);
INSERT INTO `county` VALUES (1027, 131, '黄岩', 0);
INSERT INTO `county` VALUES (1028, 131, '路桥', 0);
INSERT INTO `county` VALUES (1029, 132, '温州', 0);
INSERT INTO `county` VALUES (1030, 132, '泰顺', 0);
INSERT INTO `county` VALUES (1031, 132, '文成', 0);
INSERT INTO `county` VALUES (1032, 132, '平阳', 0);
INSERT INTO `county` VALUES (1033, 132, '瑞安', 0);
INSERT INTO `county` VALUES (1034, 132, '洞头', 0);
INSERT INTO `county` VALUES (1035, 132, '乐清', 0);
INSERT INTO `county` VALUES (1036, 132, '永嘉', 0);
INSERT INTO `county` VALUES (1037, 132, '苍南', 0);
INSERT INTO `county` VALUES (1038, 133, '丽水', 0);
INSERT INTO `county` VALUES (1039, 133, '遂昌', 0);
INSERT INTO `county` VALUES (1040, 133, '龙泉', 0);
INSERT INTO `county` VALUES (1041, 133, '缙云', 0);
INSERT INTO `county` VALUES (1042, 133, '青田', 0);
INSERT INTO `county` VALUES (1043, 133, '云和', 0);
INSERT INTO `county` VALUES (1044, 133, '庆元', 0);
INSERT INTO `county` VALUES (1045, 133, '松阳', 0);
INSERT INTO `county` VALUES (1046, 133, '景宁', 0);
INSERT INTO `county` VALUES (1047, 134, '金华', 0);
INSERT INTO `county` VALUES (1048, 134, '浦江', 0);
INSERT INTO `county` VALUES (1049, 134, '兰溪', 0);
INSERT INTO `county` VALUES (1050, 134, '义乌', 0);
INSERT INTO `county` VALUES (1051, 134, '东阳', 0);
INSERT INTO `county` VALUES (1052, 134, '武义', 0);
INSERT INTO `county` VALUES (1053, 134, '永康', 0);
INSERT INTO `county` VALUES (1054, 134, '磐安', 0);
INSERT INTO `county` VALUES (1055, 135, '衢州', 0);
INSERT INTO `county` VALUES (1056, 135, '常山', 0);
INSERT INTO `county` VALUES (1057, 135, '开化', 0);
INSERT INTO `county` VALUES (1058, 135, '龙游', 0);
INSERT INTO `county` VALUES (1059, 135, '江山', 0);
INSERT INTO `county` VALUES (1060, 135, '衢江', 0);
INSERT INTO `county` VALUES (1061, 136, '舟山', 0);
INSERT INTO `county` VALUES (1062, 136, '嵊泗', 0);
INSERT INTO `county` VALUES (1063, 136, '岱山', 0);
INSERT INTO `county` VALUES (1064, 136, '普陀', 0);
INSERT INTO `county` VALUES (1065, 136, '定海', 0);
INSERT INTO `county` VALUES (1066, 137, '福州', 0);
INSERT INTO `county` VALUES (1067, 137, '闽清', 0);
INSERT INTO `county` VALUES (1068, 137, '闽侯', 0);
INSERT INTO `county` VALUES (1069, 137, '罗源', 0);
INSERT INTO `county` VALUES (1070, 137, '连江', 0);
INSERT INTO `county` VALUES (1071, 137, '永泰', 0);
INSERT INTO `county` VALUES (1072, 137, '平潭', 0);
INSERT INTO `county` VALUES (1073, 137, '长乐', 0);
INSERT INTO `county` VALUES (1074, 137, '福清', 0);
INSERT INTO `county` VALUES (1075, 138, '钓鱼岛', 0);
INSERT INTO `county` VALUES (1076, 139, '厦门', 0);
INSERT INTO `county` VALUES (1077, 139, '同安', 0);
INSERT INTO `county` VALUES (1078, 140, '宁德', 0);
INSERT INTO `county` VALUES (1079, 140, '古田', 0);
INSERT INTO `county` VALUES (1080, 140, '霞浦', 0);
INSERT INTO `county` VALUES (1081, 140, '寿宁', 0);
INSERT INTO `county` VALUES (1082, 140, '周宁', 0);
INSERT INTO `county` VALUES (1083, 140, '福安', 0);
INSERT INTO `county` VALUES (1084, 140, '柘荣', 0);
INSERT INTO `county` VALUES (1085, 140, '福鼎', 0);
INSERT INTO `county` VALUES (1086, 140, '屏南', 0);
INSERT INTO `county` VALUES (1087, 141, '莆田', 0);
INSERT INTO `county` VALUES (1088, 141, '仙游', 0);
INSERT INTO `county` VALUES (1089, 141, '秀屿', 0);
INSERT INTO `county` VALUES (1090, 141, '涵江', 0);
INSERT INTO `county` VALUES (1091, 141, '秀屿港', 0);
INSERT INTO `county` VALUES (1092, 141, '荔城', 0);
INSERT INTO `county` VALUES (1093, 141, '城厢', 0);
INSERT INTO `county` VALUES (1094, 142, '泉州', 0);
INSERT INTO `county` VALUES (1095, 142, '安溪', 0);
INSERT INTO `county` VALUES (1096, 142, '永春', 0);
INSERT INTO `county` VALUES (1097, 142, '德化', 0);
INSERT INTO `county` VALUES (1098, 142, '南安', 0);
INSERT INTO `county` VALUES (1099, 142, '崇武', 0);
INSERT INTO `county` VALUES (1100, 142, '惠安', 0);
INSERT INTO `county` VALUES (1101, 142, '晋江', 0);
INSERT INTO `county` VALUES (1102, 142, '石狮', 0);
INSERT INTO `county` VALUES (1103, 143, '漳州', 0);
INSERT INTO `county` VALUES (1104, 143, '长泰', 0);
INSERT INTO `county` VALUES (1105, 143, '南靖', 0);
INSERT INTO `county` VALUES (1106, 143, '平和', 0);
INSERT INTO `county` VALUES (1107, 143, '龙海', 0);
INSERT INTO `county` VALUES (1108, 143, '漳浦', 0);
INSERT INTO `county` VALUES (1109, 143, '诏安', 0);
INSERT INTO `county` VALUES (1110, 143, '东山', 0);
INSERT INTO `county` VALUES (1111, 143, '云霄', 0);
INSERT INTO `county` VALUES (1112, 143, '华安', 0);
INSERT INTO `county` VALUES (1113, 144, '龙岩', 0);
INSERT INTO `county` VALUES (1114, 144, '长汀', 0);
INSERT INTO `county` VALUES (1115, 144, '连城', 0);
INSERT INTO `county` VALUES (1116, 144, '武平', 0);
INSERT INTO `county` VALUES (1117, 144, '上杭', 0);
INSERT INTO `county` VALUES (1118, 144, '永定', 0);
INSERT INTO `county` VALUES (1119, 144, '漳平', 0);
INSERT INTO `county` VALUES (1120, 145, '三明', 0);
INSERT INTO `county` VALUES (1121, 145, '宁化', 0);
INSERT INTO `county` VALUES (1122, 145, '清流', 0);
INSERT INTO `county` VALUES (1123, 145, '泰宁', 0);
INSERT INTO `county` VALUES (1124, 145, '将乐', 0);
INSERT INTO `county` VALUES (1125, 145, '建宁', 0);
INSERT INTO `county` VALUES (1126, 145, '明溪', 0);
INSERT INTO `county` VALUES (1127, 145, '沙县', 0);
INSERT INTO `county` VALUES (1128, 145, '尤溪', 0);
INSERT INTO `county` VALUES (1129, 145, '永安', 0);
INSERT INTO `county` VALUES (1130, 145, '大田', 0);
INSERT INTO `county` VALUES (1131, 146, '南平', 0);
INSERT INTO `county` VALUES (1132, 146, '顺昌', 0);
INSERT INTO `county` VALUES (1133, 146, '光泽', 0);
INSERT INTO `county` VALUES (1134, 146, '邵武', 0);
INSERT INTO `county` VALUES (1135, 146, '武夷山', 0);
INSERT INTO `county` VALUES (1136, 146, '浦城', 0);
INSERT INTO `county` VALUES (1137, 146, '建阳', 0);
INSERT INTO `county` VALUES (1138, 146, '松溪', 0);
INSERT INTO `county` VALUES (1139, 146, '政和', 0);
INSERT INTO `county` VALUES (1140, 146, '建瓯', 0);
INSERT INTO `county` VALUES (1141, 147, '南昌', 0);
INSERT INTO `county` VALUES (1142, 147, '新建', 0);
INSERT INTO `county` VALUES (1143, 147, '南昌县', 0);
INSERT INTO `county` VALUES (1144, 147, '安义', 0);
INSERT INTO `county` VALUES (1145, 147, '进贤', 0);
INSERT INTO `county` VALUES (1146, 148, '九江', 0);
INSERT INTO `county` VALUES (1147, 148, '瑞昌', 0);
INSERT INTO `county` VALUES (1148, 148, '庐山', 0);
INSERT INTO `county` VALUES (1149, 148, '武宁', 0);
INSERT INTO `county` VALUES (1150, 148, '德安', 0);
INSERT INTO `county` VALUES (1151, 148, '永修', 0);
INSERT INTO `county` VALUES (1152, 148, '湖口', 0);
INSERT INTO `county` VALUES (1153, 148, '彭泽', 0);
INSERT INTO `county` VALUES (1154, 148, '星子', 0);
INSERT INTO `county` VALUES (1155, 148, '都昌', 0);
INSERT INTO `county` VALUES (1156, 148, '修水', 0);
INSERT INTO `county` VALUES (1157, 149, '上饶', 0);
INSERT INTO `county` VALUES (1158, 149, '鄱阳', 0);
INSERT INTO `county` VALUES (1159, 149, '婺源', 0);
INSERT INTO `county` VALUES (1160, 149, '余干', 0);
INSERT INTO `county` VALUES (1161, 149, '万年', 0);
INSERT INTO `county` VALUES (1162, 149, '德兴', 0);
INSERT INTO `county` VALUES (1163, 149, '上饶县', 0);
INSERT INTO `county` VALUES (1164, 149, '弋阳', 0);
INSERT INTO `county` VALUES (1165, 149, '横峰', 0);
INSERT INTO `county` VALUES (1166, 149, '铅山', 0);
INSERT INTO `county` VALUES (1167, 149, '玉山', 0);
INSERT INTO `county` VALUES (1168, 149, '广丰', 0);
INSERT INTO `county` VALUES (1169, 150, '抚州', 0);
INSERT INTO `county` VALUES (1170, 150, '广昌', 0);
INSERT INTO `county` VALUES (1171, 150, '乐安', 0);
INSERT INTO `county` VALUES (1172, 150, '崇仁', 0);
INSERT INTO `county` VALUES (1173, 150, '金溪', 0);
INSERT INTO `county` VALUES (1174, 150, '资溪', 0);
INSERT INTO `county` VALUES (1175, 150, '宜黄', 0);
INSERT INTO `county` VALUES (1176, 150, '南城', 0);
INSERT INTO `county` VALUES (1177, 150, '南丰', 0);
INSERT INTO `county` VALUES (1178, 150, '黎川', 0);
INSERT INTO `county` VALUES (1179, 150, '东乡', 0);
INSERT INTO `county` VALUES (1180, 151, '宜春', 0);
INSERT INTO `county` VALUES (1181, 151, '铜鼓', 0);
INSERT INTO `county` VALUES (1182, 151, '宜丰', 0);
INSERT INTO `county` VALUES (1183, 151, '万载', 0);
INSERT INTO `county` VALUES (1184, 151, '上高', 0);
INSERT INTO `county` VALUES (1185, 151, '靖安', 0);
INSERT INTO `county` VALUES (1186, 151, '奉新', 0);
INSERT INTO `county` VALUES (1187, 151, '高安', 0);
INSERT INTO `county` VALUES (1188, 151, '樟树', 0);
INSERT INTO `county` VALUES (1189, 151, '丰城', 0);
INSERT INTO `county` VALUES (1190, 152, '吉安', 0);
INSERT INTO `county` VALUES (1191, 152, '吉安县', 0);
INSERT INTO `county` VALUES (1192, 152, '吉水', 0);
INSERT INTO `county` VALUES (1193, 152, '新干', 0);
INSERT INTO `county` VALUES (1194, 152, '峡江', 0);
INSERT INTO `county` VALUES (1195, 152, '永丰', 0);
INSERT INTO `county` VALUES (1196, 152, '永新', 0);
INSERT INTO `county` VALUES (1197, 152, '井冈山', 0);
INSERT INTO `county` VALUES (1198, 152, '万安', 0);
INSERT INTO `county` VALUES (1199, 152, '遂川', 0);
INSERT INTO `county` VALUES (1200, 152, '泰和', 0);
INSERT INTO `county` VALUES (1201, 152, '安福', 0);
INSERT INTO `county` VALUES (1202, 152, '宁冈', 0);
INSERT INTO `county` VALUES (1203, 153, '赣州', 0);
INSERT INTO `county` VALUES (1204, 153, '崇义', 0);
INSERT INTO `county` VALUES (1205, 153, '上犹', 0);
INSERT INTO `county` VALUES (1206, 153, '南康', 0);
INSERT INTO `county` VALUES (1207, 153, '大余', 0);
INSERT INTO `county` VALUES (1208, 153, '信丰', 0);
INSERT INTO `county` VALUES (1209, 153, '宁都', 0);
INSERT INTO `county` VALUES (1210, 153, '石城', 0);
INSERT INTO `county` VALUES (1211, 153, '瑞金', 0);
INSERT INTO `county` VALUES (1212, 153, '于都', 0);
INSERT INTO `county` VALUES (1213, 153, '会昌', 0);
INSERT INTO `county` VALUES (1214, 153, '安远', 0);
INSERT INTO `county` VALUES (1215, 153, '全南', 0);
INSERT INTO `county` VALUES (1216, 153, '龙南', 0);
INSERT INTO `county` VALUES (1217, 153, '定南', 0);
INSERT INTO `county` VALUES (1218, 153, '寻乌', 0);
INSERT INTO `county` VALUES (1219, 153, '兴国', 0);
INSERT INTO `county` VALUES (1220, 153, '赣县', 0);
INSERT INTO `county` VALUES (1221, 154, '景德镇', 0);
INSERT INTO `county` VALUES (1222, 154, '乐平', 0);
INSERT INTO `county` VALUES (1223, 154, '浮梁', 0);
INSERT INTO `county` VALUES (1224, 155, '萍乡', 0);
INSERT INTO `county` VALUES (1225, 155, '莲花', 0);
INSERT INTO `county` VALUES (1226, 155, '上栗', 0);
INSERT INTO `county` VALUES (1227, 155, '安源', 0);
INSERT INTO `county` VALUES (1228, 155, '芦溪', 0);
INSERT INTO `county` VALUES (1229, 155, '湘东', 0);
INSERT INTO `county` VALUES (1230, 156, '新余', 0);
INSERT INTO `county` VALUES (1231, 156, '分宜', 0);
INSERT INTO `county` VALUES (1232, 157, '鹰潭', 0);
INSERT INTO `county` VALUES (1233, 157, '余江', 0);
INSERT INTO `county` VALUES (1234, 157, '贵溪', 0);
INSERT INTO `county` VALUES (1235, 158, '合肥', 0);
INSERT INTO `county` VALUES (1236, 158, '长丰', 0);
INSERT INTO `county` VALUES (1237, 158, '肥东', 0);
INSERT INTO `county` VALUES (1238, 158, '肥西', 0);
INSERT INTO `county` VALUES (1239, 158, '巢湖', 0);
INSERT INTO `county` VALUES (1240, 158, '庐江', 0);
INSERT INTO `county` VALUES (1241, 159, '蚌埠', 0);
INSERT INTO `county` VALUES (1242, 159, '怀远', 0);
INSERT INTO `county` VALUES (1243, 159, '固镇', 0);
INSERT INTO `county` VALUES (1244, 159, '五河', 0);
INSERT INTO `county` VALUES (1245, 160, '芜湖', 0);
INSERT INTO `county` VALUES (1246, 160, '繁昌', 0);
INSERT INTO `county` VALUES (1247, 160, '芜湖县', 0);
INSERT INTO `county` VALUES (1248, 160, '南陵', 0);
INSERT INTO `county` VALUES (1249, 160, '无为', 0);
INSERT INTO `county` VALUES (1250, 161, '淮南', 0);
INSERT INTO `county` VALUES (1251, 161, '凤台', 0);
INSERT INTO `county` VALUES (1252, 161, '潘集', 0);
INSERT INTO `county` VALUES (1253, 162, '马鞍山', 0);
INSERT INTO `county` VALUES (1254, 162, '当涂', 0);
INSERT INTO `county` VALUES (1255, 162, '含山', 0);
INSERT INTO `county` VALUES (1256, 162, '和县', 0);
INSERT INTO `county` VALUES (1257, 163, '安庆', 0);
INSERT INTO `county` VALUES (1258, 163, '枞阳', 0);
INSERT INTO `county` VALUES (1259, 163, '太湖', 0);
INSERT INTO `county` VALUES (1260, 163, '潜山', 0);
INSERT INTO `county` VALUES (1261, 163, '怀宁', 0);
INSERT INTO `county` VALUES (1262, 163, '宿松', 0);
INSERT INTO `county` VALUES (1263, 163, '望江', 0);
INSERT INTO `county` VALUES (1264, 163, '岳西', 0);
INSERT INTO `county` VALUES (1265, 163, '桐城', 0);
INSERT INTO `county` VALUES (1266, 164, '宿州', 0);
INSERT INTO `county` VALUES (1267, 164, '砀山', 0);
INSERT INTO `county` VALUES (1268, 164, '灵璧', 0);
INSERT INTO `county` VALUES (1269, 164, '泗县', 0);
INSERT INTO `county` VALUES (1270, 164, '萧县', 0);
INSERT INTO `county` VALUES (1271, 165, '阜阳', 0);
INSERT INTO `county` VALUES (1272, 165, '阜南', 0);
INSERT INTO `county` VALUES (1273, 165, '颍上', 0);
INSERT INTO `county` VALUES (1274, 165, '临泉', 0);
INSERT INTO `county` VALUES (1275, 165, '界首', 0);
INSERT INTO `county` VALUES (1276, 165, '太和', 0);
INSERT INTO `county` VALUES (1277, 166, '亳州', 0);
INSERT INTO `county` VALUES (1278, 166, '涡阳', 0);
INSERT INTO `county` VALUES (1279, 166, '利辛', 0);
INSERT INTO `county` VALUES (1280, 166, '蒙城', 0);
INSERT INTO `county` VALUES (1281, 167, '黄山', 0);
INSERT INTO `county` VALUES (1282, 167, '黄山区', 0);
INSERT INTO `county` VALUES (1283, 167, '屯溪', 0);
INSERT INTO `county` VALUES (1284, 167, '祁门', 0);
INSERT INTO `county` VALUES (1285, 167, '黟县', 0);
INSERT INTO `county` VALUES (1286, 167, '歙县', 0);
INSERT INTO `county` VALUES (1287, 167, '休宁', 0);
INSERT INTO `county` VALUES (1288, 167, '黄山风景区', 0);
INSERT INTO `county` VALUES (1289, 168, '滁州', 0);
INSERT INTO `county` VALUES (1290, 168, '凤阳', 0);
INSERT INTO `county` VALUES (1291, 168, '明光', 0);
INSERT INTO `county` VALUES (1292, 168, '定远', 0);
INSERT INTO `county` VALUES (1293, 168, '全椒', 0);
INSERT INTO `county` VALUES (1294, 168, '来安', 0);
INSERT INTO `county` VALUES (1295, 168, '天长', 0);
INSERT INTO `county` VALUES (1296, 169, '淮北', 0);
INSERT INTO `county` VALUES (1297, 169, '濉溪', 0);
INSERT INTO `county` VALUES (1298, 170, '铜陵', 0);
INSERT INTO `county` VALUES (1299, 171, '宣城', 0);
INSERT INTO `county` VALUES (1300, 171, '泾县', 0);
INSERT INTO `county` VALUES (1301, 171, '旌德', 0);
INSERT INTO `county` VALUES (1302, 171, '宁国', 0);
INSERT INTO `county` VALUES (1303, 171, '绩溪', 0);
INSERT INTO `county` VALUES (1304, 171, '广德', 0);
INSERT INTO `county` VALUES (1305, 171, '郎溪', 0);
INSERT INTO `county` VALUES (1306, 172, '六安', 0);
INSERT INTO `county` VALUES (1307, 172, '霍邱', 0);
INSERT INTO `county` VALUES (1308, 172, '寿县', 0);
INSERT INTO `county` VALUES (1309, 172, '金寨', 0);
INSERT INTO `county` VALUES (1310, 172, '霍山', 0);
INSERT INTO `county` VALUES (1311, 172, '舒城', 0);
INSERT INTO `county` VALUES (1312, 173, '池州', 0);
INSERT INTO `county` VALUES (1313, 173, '东至', 0);
INSERT INTO `county` VALUES (1314, 173, '青阳', 0);
INSERT INTO `county` VALUES (1315, 173, '九华', 0);
INSERT INTO `county` VALUES (1316, 173, '石台', 0);
INSERT INTO `county` VALUES (1317, 174, '武汉', 0);
INSERT INTO `county` VALUES (1318, 174, '蔡甸', 0);
INSERT INTO `county` VALUES (1319, 174, '黄陂', 0);
INSERT INTO `county` VALUES (1320, 174, '新洲', 0);
INSERT INTO `county` VALUES (1321, 174, '江夏', 0);
INSERT INTO `county` VALUES (1322, 174, '东西湖', 0);
INSERT INTO `county` VALUES (1323, 175, '襄阳', 0);
INSERT INTO `county` VALUES (1324, 175, '襄州', 0);
INSERT INTO `county` VALUES (1325, 175, '保康', 0);
INSERT INTO `county` VALUES (1326, 175, '南漳', 0);
INSERT INTO `county` VALUES (1327, 175, '宜城', 0);
INSERT INTO `county` VALUES (1328, 175, '老河口', 0);
INSERT INTO `county` VALUES (1329, 175, '谷城', 0);
INSERT INTO `county` VALUES (1330, 175, '枣阳', 0);
INSERT INTO `county` VALUES (1331, 176, '鄂州', 0);
INSERT INTO `county` VALUES (1332, 176, '梁子湖', 0);
INSERT INTO `county` VALUES (1333, 177, '孝感', 0);
INSERT INTO `county` VALUES (1334, 177, '安陆', 0);
INSERT INTO `county` VALUES (1335, 177, '云梦', 0);
INSERT INTO `county` VALUES (1336, 177, '大悟', 0);
INSERT INTO `county` VALUES (1337, 177, '应城', 0);
INSERT INTO `county` VALUES (1338, 177, '汉川', 0);
INSERT INTO `county` VALUES (1339, 177, '孝昌', 0);
INSERT INTO `county` VALUES (1340, 178, '黄冈', 0);
INSERT INTO `county` VALUES (1341, 178, '红安', 0);
INSERT INTO `county` VALUES (1342, 178, '麻城', 0);
INSERT INTO `county` VALUES (1343, 178, '罗田', 0);
INSERT INTO `county` VALUES (1344, 178, '英山', 0);
INSERT INTO `county` VALUES (1345, 178, '浠水', 0);
INSERT INTO `county` VALUES (1346, 178, '蕲春', 0);
INSERT INTO `county` VALUES (1347, 178, '黄梅', 0);
INSERT INTO `county` VALUES (1348, 178, '武穴', 0);
INSERT INTO `county` VALUES (1349, 178, '团风', 0);
INSERT INTO `county` VALUES (1350, 179, '黄石', 0);
INSERT INTO `county` VALUES (1351, 179, '大冶', 0);
INSERT INTO `county` VALUES (1352, 179, '阳新', 0);
INSERT INTO `county` VALUES (1353, 179, '铁山', 0);
INSERT INTO `county` VALUES (1354, 179, '下陆', 0);
INSERT INTO `county` VALUES (1355, 179, '西塞山', 0);
INSERT INTO `county` VALUES (1356, 180, '咸宁', 0);
INSERT INTO `county` VALUES (1357, 180, '赤壁', 0);
INSERT INTO `county` VALUES (1358, 180, '嘉鱼', 0);
INSERT INTO `county` VALUES (1359, 180, '崇阳', 0);
INSERT INTO `county` VALUES (1360, 180, '通城', 0);
INSERT INTO `county` VALUES (1361, 180, '通山', 0);
INSERT INTO `county` VALUES (1362, 181, '荆州', 0);
INSERT INTO `county` VALUES (1363, 181, '江陵', 0);
INSERT INTO `county` VALUES (1364, 181, '公安', 0);
INSERT INTO `county` VALUES (1365, 181, '石首', 0);
INSERT INTO `county` VALUES (1366, 181, '监利', 0);
INSERT INTO `county` VALUES (1367, 181, '洪湖', 0);
INSERT INTO `county` VALUES (1368, 181, '松滋', 0);
INSERT INTO `county` VALUES (1369, 182, '宜昌', 0);
INSERT INTO `county` VALUES (1370, 182, '远安', 0);
INSERT INTO `county` VALUES (1371, 182, '秭归', 0);
INSERT INTO `county` VALUES (1372, 182, '兴山', 0);
INSERT INTO `county` VALUES (1373, 182, '五峰', 0);
INSERT INTO `county` VALUES (1374, 182, '当阳', 0);
INSERT INTO `county` VALUES (1375, 182, '长阳', 0);
INSERT INTO `county` VALUES (1376, 182, '宜都', 0);
INSERT INTO `county` VALUES (1377, 182, '枝江', 0);
INSERT INTO `county` VALUES (1378, 182, '三峡', 0);
INSERT INTO `county` VALUES (1379, 182, '夷陵', 0);
INSERT INTO `county` VALUES (1380, 183, '恩施', 0);
INSERT INTO `county` VALUES (1381, 183, '利川', 0);
INSERT INTO `county` VALUES (1382, 183, '建始', 0);
INSERT INTO `county` VALUES (1383, 183, '咸丰', 0);
INSERT INTO `county` VALUES (1384, 183, '宣恩', 0);
INSERT INTO `county` VALUES (1385, 183, '鹤峰', 0);
INSERT INTO `county` VALUES (1386, 183, '来凤', 0);
INSERT INTO `county` VALUES (1387, 183, '巴东', 0);
INSERT INTO `county` VALUES (1388, 184, '十堰', 0);
INSERT INTO `county` VALUES (1389, 184, '竹溪', 0);
INSERT INTO `county` VALUES (1390, 184, '郧西', 0);
INSERT INTO `county` VALUES (1391, 184, '郧县', 0);
INSERT INTO `county` VALUES (1392, 184, '竹山', 0);
INSERT INTO `county` VALUES (1393, 184, '房县', 0);
INSERT INTO `county` VALUES (1394, 184, '丹江口', 0);
INSERT INTO `county` VALUES (1395, 184, '茅箭', 0);
INSERT INTO `county` VALUES (1396, 184, '张湾', 0);
INSERT INTO `county` VALUES (1397, 185, '神农架', 0);
INSERT INTO `county` VALUES (1398, 187, '荆门', 0);
INSERT INTO `county` VALUES (1399, 187, '钟祥', 0);
INSERT INTO `county` VALUES (1400, 187, '京山', 0);
INSERT INTO `county` VALUES (1401, 187, '掇刀', 0);
INSERT INTO `county` VALUES (1402, 187, '沙洋', 0);
INSERT INTO `county` VALUES (1403, 186, '随州', 0);
INSERT INTO `county` VALUES (1404, 186, '广水', 0);
INSERT INTO `county` VALUES (1405, 188, '天门', 0);
INSERT INTO `county` VALUES (1406, 189, '仙桃', 0);
INSERT INTO `county` VALUES (1407, 190, '潜江', 0);
INSERT INTO `county` VALUES (1408, 191, '长沙', 0);
INSERT INTO `county` VALUES (1409, 191, '宁乡', 0);
INSERT INTO `county` VALUES (1410, 191, '浏阳', 0);
INSERT INTO `county` VALUES (1411, 191, '马坡岭', 0);
INSERT INTO `county` VALUES (1412, 191, '望城', 0);
INSERT INTO `county` VALUES (1413, 192, '湘潭', 0);
INSERT INTO `county` VALUES (1414, 192, '韶山', 0);
INSERT INTO `county` VALUES (1415, 192, '湘乡', 0);
INSERT INTO `county` VALUES (1416, 193, '株洲', 0);
INSERT INTO `county` VALUES (1417, 193, '攸县', 0);
INSERT INTO `county` VALUES (1418, 193, '醴陵', 0);
INSERT INTO `county` VALUES (1419, 193, '茶陵', 0);
INSERT INTO `county` VALUES (1420, 193, '炎陵', 0);
INSERT INTO `county` VALUES (1421, 194, '衡阳', 0);
INSERT INTO `county` VALUES (1422, 194, '衡山', 0);
INSERT INTO `county` VALUES (1423, 194, '衡东', 0);
INSERT INTO `county` VALUES (1424, 194, '祁东', 0);
INSERT INTO `county` VALUES (1425, 194, '衡阳县', 0);
INSERT INTO `county` VALUES (1426, 194, '常宁', 0);
INSERT INTO `county` VALUES (1427, 194, '衡南', 0);
INSERT INTO `county` VALUES (1428, 194, '耒阳', 0);
INSERT INTO `county` VALUES (1429, 194, '南岳', 0);
INSERT INTO `county` VALUES (1430, 195, '郴州', 0);
INSERT INTO `county` VALUES (1431, 195, '桂阳', 0);
INSERT INTO `county` VALUES (1432, 195, '嘉禾', 0);
INSERT INTO `county` VALUES (1433, 195, '宜章', 0);
INSERT INTO `county` VALUES (1434, 195, '临武', 0);
INSERT INTO `county` VALUES (1435, 195, '资兴', 0);
INSERT INTO `county` VALUES (1436, 195, '汝城', 0);
INSERT INTO `county` VALUES (1437, 195, '安仁', 0);
INSERT INTO `county` VALUES (1438, 195, '永兴', 0);
INSERT INTO `county` VALUES (1439, 195, '桂东', 0);
INSERT INTO `county` VALUES (1440, 195, '苏仙', 0);
INSERT INTO `county` VALUES (1441, 196, '常德', 0);
INSERT INTO `county` VALUES (1442, 196, '安乡', 0);
INSERT INTO `county` VALUES (1443, 196, '桃源', 0);
INSERT INTO `county` VALUES (1444, 196, '汉寿', 0);
INSERT INTO `county` VALUES (1445, 196, '澧县', 0);
INSERT INTO `county` VALUES (1446, 196, '临澧', 0);
INSERT INTO `county` VALUES (1447, 196, '石门', 0);
INSERT INTO `county` VALUES (1448, 196, '津市', 0);
INSERT INTO `county` VALUES (1449, 197, '赫山区', 0);
INSERT INTO `county` VALUES (1450, 197, '南县', 0);
INSERT INTO `county` VALUES (1451, 197, '桃江', 0);
INSERT INTO `county` VALUES (1452, 197, '安化', 0);
INSERT INTO `county` VALUES (1453, 197, '沅江', 0);
INSERT INTO `county` VALUES (1454, 198, '娄底', 0);
INSERT INTO `county` VALUES (1455, 198, '双峰', 0);
INSERT INTO `county` VALUES (1456, 198, '冷水江', 0);
INSERT INTO `county` VALUES (1457, 198, '新化', 0);
INSERT INTO `county` VALUES (1458, 198, '涟源', 0);
INSERT INTO `county` VALUES (1459, 199, '邵阳', 0);
INSERT INTO `county` VALUES (1460, 199, '隆回', 0);
INSERT INTO `county` VALUES (1461, 199, '洞口', 0);
INSERT INTO `county` VALUES (1462, 199, '新邵', 0);
INSERT INTO `county` VALUES (1463, 199, '邵东', 0);
INSERT INTO `county` VALUES (1464, 199, '绥宁', 0);
INSERT INTO `county` VALUES (1465, 199, '新宁', 0);
INSERT INTO `county` VALUES (1466, 199, '武冈', 0);
INSERT INTO `county` VALUES (1467, 199, '城步', 0);
INSERT INTO `county` VALUES (1468, 199, '邵阳县', 0);
INSERT INTO `county` VALUES (1469, 200, '岳阳', 0);
INSERT INTO `county` VALUES (1470, 200, '华容', 0);
INSERT INTO `county` VALUES (1471, 200, '湘阴', 0);
INSERT INTO `county` VALUES (1472, 200, '汨罗', 0);
INSERT INTO `county` VALUES (1473, 200, '平江', 0);
INSERT INTO `county` VALUES (1474, 200, '临湘', 0);
INSERT INTO `county` VALUES (1475, 201, '张家界', 0);
INSERT INTO `county` VALUES (1476, 201, '桑植', 0);
INSERT INTO `county` VALUES (1477, 201, '慈利', 0);
INSERT INTO `county` VALUES (1478, 201, '武陵源', 0);
INSERT INTO `county` VALUES (1479, 202, '怀化', 0);
INSERT INTO `county` VALUES (1480, 202, '沅陵', 0);
INSERT INTO `county` VALUES (1481, 202, '辰溪', 0);
INSERT INTO `county` VALUES (1482, 202, '靖州', 0);
INSERT INTO `county` VALUES (1483, 202, '会同', 0);
INSERT INTO `county` VALUES (1484, 202, '通道', 0);
INSERT INTO `county` VALUES (1485, 202, '麻阳', 0);
INSERT INTO `county` VALUES (1486, 202, '新晃', 0);
INSERT INTO `county` VALUES (1487, 202, '芷江', 0);
INSERT INTO `county` VALUES (1488, 202, '溆浦', 0);
INSERT INTO `county` VALUES (1489, 202, '中方', 0);
INSERT INTO `county` VALUES (1490, 202, '洪江', 0);
INSERT INTO `county` VALUES (1491, 203, '永州', 0);
INSERT INTO `county` VALUES (1492, 203, '祁阳', 0);
INSERT INTO `county` VALUES (1493, 203, '东安', 0);
INSERT INTO `county` VALUES (1494, 203, '双牌', 0);
INSERT INTO `county` VALUES (1495, 203, '道县', 0);
INSERT INTO `county` VALUES (1496, 203, '宁远', 0);
INSERT INTO `county` VALUES (1497, 203, '江永', 0);
INSERT INTO `county` VALUES (1498, 203, '蓝山', 0);
INSERT INTO `county` VALUES (1499, 203, '新田', 0);
INSERT INTO `county` VALUES (1500, 203, '江华', 0);
INSERT INTO `county` VALUES (1501, 203, '冷水滩', 0);
INSERT INTO `county` VALUES (1502, 204, '吉首', 0);
INSERT INTO `county` VALUES (1503, 204, '保靖', 0);
INSERT INTO `county` VALUES (1504, 204, '永顺', 0);
INSERT INTO `county` VALUES (1505, 204, '古丈', 0);
INSERT INTO `county` VALUES (1506, 204, '凤凰', 0);
INSERT INTO `county` VALUES (1507, 204, '泸溪', 0);
INSERT INTO `county` VALUES (1508, 204, '龙山', 0);
INSERT INTO `county` VALUES (1509, 204, '花垣', 0);
INSERT INTO `county` VALUES (1510, 214, '广州', 0);
INSERT INTO `county` VALUES (1511, 214, '番禺', 0);
INSERT INTO `county` VALUES (1512, 214, '从化', 0);
INSERT INTO `county` VALUES (1513, 214, '增城', 0);
INSERT INTO `county` VALUES (1514, 214, '花都', 0);
INSERT INTO `county` VALUES (1515, 215, '韶关', 0);
INSERT INTO `county` VALUES (1516, 215, '乳源', 0);
INSERT INTO `county` VALUES (1517, 215, '始兴', 0);
INSERT INTO `county` VALUES (1518, 215, '翁源', 0);
INSERT INTO `county` VALUES (1519, 215, '乐昌', 0);
INSERT INTO `county` VALUES (1520, 215, '仁化', 0);
INSERT INTO `county` VALUES (1521, 215, '南雄', 0);
INSERT INTO `county` VALUES (1522, 215, '新丰', 0);
INSERT INTO `county` VALUES (1523, 215, '曲江', 0);
INSERT INTO `county` VALUES (1524, 215, '浈江', 0);
INSERT INTO `county` VALUES (1525, 215, '武江', 0);
INSERT INTO `county` VALUES (1526, 216, '惠州', 0);
INSERT INTO `county` VALUES (1527, 216, '博罗', 0);
INSERT INTO `county` VALUES (1528, 216, '惠阳', 0);
INSERT INTO `county` VALUES (1529, 216, '惠东', 0);
INSERT INTO `county` VALUES (1530, 216, '龙门', 0);
INSERT INTO `county` VALUES (1531, 217, '梅州', 0);
INSERT INTO `county` VALUES (1532, 217, '兴宁', 0);
INSERT INTO `county` VALUES (1533, 217, '蕉岭', 0);
INSERT INTO `county` VALUES (1534, 217, '大埔', 0);
INSERT INTO `county` VALUES (1535, 217, '丰顺', 0);
INSERT INTO `county` VALUES (1536, 217, '平远', 0);
INSERT INTO `county` VALUES (1537, 217, '五华', 0);
INSERT INTO `county` VALUES (1538, 217, '梅县', 0);
INSERT INTO `county` VALUES (1539, 218, '汕头', 0);
INSERT INTO `county` VALUES (1540, 218, '潮阳', 0);
INSERT INTO `county` VALUES (1541, 218, '澄海', 0);
INSERT INTO `county` VALUES (1542, 218, '南澳', 0);
INSERT INTO `county` VALUES (1543, 219, '深圳', 0);
INSERT INTO `county` VALUES (1544, 220, '珠海', 0);
INSERT INTO `county` VALUES (1545, 220, '斗门', 0);
INSERT INTO `county` VALUES (1546, 220, '金湾', 0);
INSERT INTO `county` VALUES (1547, 221, '顺德', 0);
INSERT INTO `county` VALUES (1548, 221, '三水', 0);
INSERT INTO `county` VALUES (1549, 221, '南海', 0);
INSERT INTO `county` VALUES (1550, 221, '高明', 0);
INSERT INTO `county` VALUES (1551, 222, '肇庆', 0);
INSERT INTO `county` VALUES (1552, 222, '广宁', 0);
INSERT INTO `county` VALUES (1553, 222, '四会', 0);
INSERT INTO `county` VALUES (1554, 222, '德庆', 0);
INSERT INTO `county` VALUES (1555, 222, '怀集', 0);
INSERT INTO `county` VALUES (1556, 222, '封开', 0);
INSERT INTO `county` VALUES (1557, 222, '高要', 0);
INSERT INTO `county` VALUES (1558, 223, '湛江', 0);
INSERT INTO `county` VALUES (1559, 223, '吴川', 0);
INSERT INTO `county` VALUES (1560, 223, '雷州', 0);
INSERT INTO `county` VALUES (1561, 223, '徐闻', 0);
INSERT INTO `county` VALUES (1562, 223, '廉江', 0);
INSERT INTO `county` VALUES (1563, 223, '赤坎', 0);
INSERT INTO `county` VALUES (1564, 223, '遂溪', 0);
INSERT INTO `county` VALUES (1565, 223, '坡头', 0);
INSERT INTO `county` VALUES (1566, 223, '霞山', 0);
INSERT INTO `county` VALUES (1567, 223, '麻章', 0);
INSERT INTO `county` VALUES (1568, 224, '江门', 0);
INSERT INTO `county` VALUES (1569, 224, '开平', 0);
INSERT INTO `county` VALUES (1570, 224, '新会', 0);
INSERT INTO `county` VALUES (1571, 224, '恩平', 0);
INSERT INTO `county` VALUES (1572, 224, '台山', 0);
INSERT INTO `county` VALUES (1573, 224, '蓬江', 0);
INSERT INTO `county` VALUES (1574, 224, '鹤山', 0);
INSERT INTO `county` VALUES (1575, 224, '江海', 0);
INSERT INTO `county` VALUES (1576, 225, '河源', 0);
INSERT INTO `county` VALUES (1577, 225, '紫金', 0);
INSERT INTO `county` VALUES (1578, 225, '连平', 0);
INSERT INTO `county` VALUES (1579, 225, '和平', 0);
INSERT INTO `county` VALUES (1580, 225, '龙川', 0);
INSERT INTO `county` VALUES (1581, 225, '东源', 0);
INSERT INTO `county` VALUES (1582, 226, '清远', 0);
INSERT INTO `county` VALUES (1583, 226, '连南', 0);
INSERT INTO `county` VALUES (1584, 226, '连州', 0);
INSERT INTO `county` VALUES (1585, 226, '连山', 0);
INSERT INTO `county` VALUES (1586, 226, '阳山', 0);
INSERT INTO `county` VALUES (1587, 226, '佛冈', 0);
INSERT INTO `county` VALUES (1588, 226, '英德', 0);
INSERT INTO `county` VALUES (1589, 226, '清新', 0);
INSERT INTO `county` VALUES (1590, 227, '云浮', 0);
INSERT INTO `county` VALUES (1591, 227, '罗定', 0);
INSERT INTO `county` VALUES (1592, 227, '新兴', 0);
INSERT INTO `county` VALUES (1593, 227, '郁南', 0);
INSERT INTO `county` VALUES (1594, 227, '云安', 0);
INSERT INTO `county` VALUES (1595, 228, '潮州', 0);
INSERT INTO `county` VALUES (1596, 228, '饶平', 0);
INSERT INTO `county` VALUES (1597, 228, '潮安', 0);
INSERT INTO `county` VALUES (1598, 229, '东莞', 0);
INSERT INTO `county` VALUES (1599, 230, '中山', 0);
INSERT INTO `county` VALUES (1600, 231, '阳江', 0);
INSERT INTO `county` VALUES (1601, 231, '阳春', 0);
INSERT INTO `county` VALUES (1602, 231, '阳东', 0);
INSERT INTO `county` VALUES (1603, 231, '阳西', 0);
INSERT INTO `county` VALUES (1604, 232, '揭阳', 0);
INSERT INTO `county` VALUES (1605, 232, '揭西', 0);
INSERT INTO `county` VALUES (1606, 232, '普宁', 0);
INSERT INTO `county` VALUES (1607, 232, '惠来', 0);
INSERT INTO `county` VALUES (1608, 232, '揭东', 0);
INSERT INTO `county` VALUES (1609, 233, '茂名', 0);
INSERT INTO `county` VALUES (1610, 233, '高州', 0);
INSERT INTO `county` VALUES (1611, 233, '化州', 0);
INSERT INTO `county` VALUES (1612, 233, '电白', 0);
INSERT INTO `county` VALUES (1613, 233, '信宜', 0);
INSERT INTO `county` VALUES (1614, 233, '茂港', 0);
INSERT INTO `county` VALUES (1615, 234, '汕尾', 0);
INSERT INTO `county` VALUES (1616, 234, '海丰', 0);
INSERT INTO `county` VALUES (1617, 234, '陆丰', 0);
INSERT INTO `county` VALUES (1618, 234, '陆河', 0);
INSERT INTO `county` VALUES (1619, 235, '佛山', 0);
INSERT INTO `county` VALUES (1620, 235, '顺德', 0);
INSERT INTO `county` VALUES (1621, 235, '三水', 0);
INSERT INTO `county` VALUES (1622, 235, '南海', 0);
INSERT INTO `county` VALUES (1623, 235, '高明', 0);
INSERT INTO `county` VALUES (1624, 236, '南宁', 0);
INSERT INTO `county` VALUES (1625, 236, '邕宁', 0);
INSERT INTO `county` VALUES (1626, 236, '横县', 0);
INSERT INTO `county` VALUES (1627, 236, '隆安', 0);
INSERT INTO `county` VALUES (1628, 236, '马山', 0);
INSERT INTO `county` VALUES (1629, 236, '上林', 0);
INSERT INTO `county` VALUES (1630, 236, '武鸣', 0);
INSERT INTO `county` VALUES (1631, 236, '宾阳', 0);
INSERT INTO `county` VALUES (1632, 237, '崇左', 0);
INSERT INTO `county` VALUES (1633, 237, '天等', 0);
INSERT INTO `county` VALUES (1634, 237, '龙州', 0);
INSERT INTO `county` VALUES (1635, 237, '凭祥', 0);
INSERT INTO `county` VALUES (1636, 237, '大新', 0);
INSERT INTO `county` VALUES (1637, 237, '扶绥', 0);
INSERT INTO `county` VALUES (1638, 237, '宁明', 0);
INSERT INTO `county` VALUES (1639, 238, '柳州', 0);
INSERT INTO `county` VALUES (1640, 238, '柳城', 0);
INSERT INTO `county` VALUES (1641, 238, '鹿寨', 0);
INSERT INTO `county` VALUES (1642, 238, '柳江', 0);
INSERT INTO `county` VALUES (1643, 238, '融安', 0);
INSERT INTO `county` VALUES (1644, 238, '融水', 0);
INSERT INTO `county` VALUES (1645, 238, '三江', 0);
INSERT INTO `county` VALUES (1646, 239, '来宾', 0);
INSERT INTO `county` VALUES (1647, 239, '忻城', 0);
INSERT INTO `county` VALUES (1648, 239, '金秀', 0);
INSERT INTO `county` VALUES (1649, 239, '象州', 0);
INSERT INTO `county` VALUES (1650, 239, '武宣', 0);
INSERT INTO `county` VALUES (1651, 239, '合山', 0);
INSERT INTO `county` VALUES (1652, 240, '桂林', 0);
INSERT INTO `county` VALUES (1653, 240, '龙胜', 0);
INSERT INTO `county` VALUES (1654, 240, '永福', 0);
INSERT INTO `county` VALUES (1655, 240, '临桂', 0);
INSERT INTO `county` VALUES (1656, 240, '兴安', 0);
INSERT INTO `county` VALUES (1657, 240, '灵川', 0);
INSERT INTO `county` VALUES (1658, 240, '全州', 0);
INSERT INTO `county` VALUES (1659, 240, '灌阳', 0);
INSERT INTO `county` VALUES (1660, 240, '阳朔', 0);
INSERT INTO `county` VALUES (1661, 240, '恭城', 0);
INSERT INTO `county` VALUES (1662, 240, '平乐', 0);
INSERT INTO `county` VALUES (1663, 240, '荔浦', 0);
INSERT INTO `county` VALUES (1664, 240, '资源', 0);
INSERT INTO `county` VALUES (1665, 241, '梧州', 0);
INSERT INTO `county` VALUES (1666, 241, '藤县', 0);
INSERT INTO `county` VALUES (1667, 241, '苍梧', 0);
INSERT INTO `county` VALUES (1668, 241, '蒙山', 0);
INSERT INTO `county` VALUES (1669, 241, '岑溪', 0);
INSERT INTO `county` VALUES (1670, 242, '贺州', 0);
INSERT INTO `county` VALUES (1671, 242, '昭平', 0);
INSERT INTO `county` VALUES (1672, 242, '富川', 0);
INSERT INTO `county` VALUES (1673, 242, '钟山', 0);
INSERT INTO `county` VALUES (1674, 243, '贵港', 0);
INSERT INTO `county` VALUES (1675, 243, '桂平', 0);
INSERT INTO `county` VALUES (1676, 243, '平南', 0);
INSERT INTO `county` VALUES (1677, 244, '玉林', 0);
INSERT INTO `county` VALUES (1678, 244, '博白', 0);
INSERT INTO `county` VALUES (1679, 244, '北流', 0);
INSERT INTO `county` VALUES (1680, 244, '容县', 0);
INSERT INTO `county` VALUES (1681, 244, '陆川', 0);
INSERT INTO `county` VALUES (1682, 244, '兴业', 0);
INSERT INTO `county` VALUES (1683, 245, '百色', 0);
INSERT INTO `county` VALUES (1684, 245, '那坡', 0);
INSERT INTO `county` VALUES (1685, 245, '田阳', 0);
INSERT INTO `county` VALUES (1686, 245, '德保', 0);
INSERT INTO `county` VALUES (1687, 245, '靖西', 0);
INSERT INTO `county` VALUES (1688, 245, '田东', 0);
INSERT INTO `county` VALUES (1689, 245, '平果', 0);
INSERT INTO `county` VALUES (1690, 245, '隆林', 0);
INSERT INTO `county` VALUES (1691, 245, '西林', 0);
INSERT INTO `county` VALUES (1692, 245, '乐业', 0);
INSERT INTO `county` VALUES (1693, 245, '凌云', 0);
INSERT INTO `county` VALUES (1694, 245, '田林', 0);
INSERT INTO `county` VALUES (1695, 249, '防城港', 0);
INSERT INTO `county` VALUES (1696, 249, '上思', 0);
INSERT INTO `county` VALUES (1697, 249, '东兴', 0);
INSERT INTO `county` VALUES (1698, 249, '防城', 0);
INSERT INTO `county` VALUES (1699, 248, '北海', 0);
INSERT INTO `county` VALUES (1700, 248, '合浦', 0);
INSERT INTO `county` VALUES (1701, 248, '涠洲岛', 0);
INSERT INTO `county` VALUES (1702, 247, '河池', 0);
INSERT INTO `county` VALUES (1703, 247, '天峨', 0);
INSERT INTO `county` VALUES (1704, 247, '东兰', 0);
INSERT INTO `county` VALUES (1705, 247, '巴马', 0);
INSERT INTO `county` VALUES (1706, 247, '环江', 0);
INSERT INTO `county` VALUES (1707, 247, '罗城', 0);
INSERT INTO `county` VALUES (1708, 247, '宜州', 0);
INSERT INTO `county` VALUES (1709, 247, '凤山', 0);
INSERT INTO `county` VALUES (1710, 247, '南丹', 0);
INSERT INTO `county` VALUES (1711, 247, '都安', 0);
INSERT INTO `county` VALUES (1712, 247, '大化', 0);
INSERT INTO `county` VALUES (1713, 246, '钦州', 0);
INSERT INTO `county` VALUES (1714, 246, '浦北', 0);
INSERT INTO `county` VALUES (1715, 246, '灵山', 0);
INSERT INTO `county` VALUES (1716, 250, '海口', 0);
INSERT INTO `county` VALUES (1717, 251, '三亚', 0);
INSERT INTO `county` VALUES (1718, 251, '东方', 0);
INSERT INTO `county` VALUES (1719, 251, '临高', 0);
INSERT INTO `county` VALUES (1720, 251, '澄迈', 0);
INSERT INTO `county` VALUES (1721, 251, '儋州', 0);
INSERT INTO `county` VALUES (1722, 251, '昌江', 0);
INSERT INTO `county` VALUES (1723, 251, '白沙', 0);
INSERT INTO `county` VALUES (1724, 251, '琼中', 0);
INSERT INTO `county` VALUES (1725, 251, '定安', 0);
INSERT INTO `county` VALUES (1726, 251, '屯昌', 0);
INSERT INTO `county` VALUES (1727, 251, '琼海', 0);
INSERT INTO `county` VALUES (1728, 251, '文昌', 0);
INSERT INTO `county` VALUES (1729, 251, '保亭', 0);
INSERT INTO `county` VALUES (1730, 251, '万宁', 0);
INSERT INTO `county` VALUES (1731, 251, '陵水', 0);
INSERT INTO `county` VALUES (1732, 251, '西沙', 0);
INSERT INTO `county` VALUES (1733, 251, '南沙', 0);
INSERT INTO `county` VALUES (1734, 251, '乐东', 0);
INSERT INTO `county` VALUES (1735, 251, '五指山', 0);
INSERT INTO `county` VALUES (1736, 251, '中沙', 0);
INSERT INTO `county` VALUES (1737, 252, '昆明', 0);
INSERT INTO `county` VALUES (1738, 252, '东川', 0);
INSERT INTO `county` VALUES (1739, 252, '寻甸', 0);
INSERT INTO `county` VALUES (1740, 252, '晋宁', 0);
INSERT INTO `county` VALUES (1741, 252, '宜良', 0);
INSERT INTO `county` VALUES (1742, 252, '石林', 0);
INSERT INTO `county` VALUES (1743, 252, '呈贡', 0);
INSERT INTO `county` VALUES (1744, 252, '富民', 0);
INSERT INTO `county` VALUES (1745, 252, '嵩明', 0);
INSERT INTO `county` VALUES (1746, 252, '禄劝', 0);
INSERT INTO `county` VALUES (1747, 252, '安宁', 0);
INSERT INTO `county` VALUES (1748, 252, '太华', 0);
INSERT INTO `county` VALUES (1749, 253, '大理', 0);
INSERT INTO `county` VALUES (1750, 253, '云龙', 0);
INSERT INTO `county` VALUES (1751, 253, '漾濞', 0);
INSERT INTO `county` VALUES (1752, 253, '永平', 0);
INSERT INTO `county` VALUES (1753, 253, '宾川', 0);
INSERT INTO `county` VALUES (1754, 253, '弥渡', 0);
INSERT INTO `county` VALUES (1755, 253, '祥云', 0);
INSERT INTO `county` VALUES (1756, 253, '巍山', 0);
INSERT INTO `county` VALUES (1757, 253, '剑川', 0);
INSERT INTO `county` VALUES (1758, 253, '洱源', 0);
INSERT INTO `county` VALUES (1759, 253, '鹤庆', 0);
INSERT INTO `county` VALUES (1760, 253, '南涧', 0);
INSERT INTO `county` VALUES (1761, 254, '红河', 0);
INSERT INTO `county` VALUES (1762, 254, '石屏', 0);
INSERT INTO `county` VALUES (1763, 254, '建水', 0);
INSERT INTO `county` VALUES (1764, 254, '弥勒', 0);
INSERT INTO `county` VALUES (1765, 254, '元阳', 0);
INSERT INTO `county` VALUES (1766, 254, '绿春', 0);
INSERT INTO `county` VALUES (1767, 254, '开远', 0);
INSERT INTO `county` VALUES (1768, 254, '个旧', 0);
INSERT INTO `county` VALUES (1769, 254, '蒙自', 0);
INSERT INTO `county` VALUES (1770, 254, '屏边', 0);
INSERT INTO `county` VALUES (1771, 254, '泸西', 0);
INSERT INTO `county` VALUES (1772, 254, '金平', 0);
INSERT INTO `county` VALUES (1773, 254, '河口', 0);
INSERT INTO `county` VALUES (1774, 255, '曲靖', 0);
INSERT INTO `county` VALUES (1775, 255, '沾益', 0);
INSERT INTO `county` VALUES (1776, 255, '陆良', 0);
INSERT INTO `county` VALUES (1777, 255, '富源', 0);
INSERT INTO `county` VALUES (1778, 255, '马龙', 0);
INSERT INTO `county` VALUES (1779, 255, '师宗', 0);
INSERT INTO `county` VALUES (1780, 255, '罗平', 0);
INSERT INTO `county` VALUES (1781, 255, '会泽', 0);
INSERT INTO `county` VALUES (1782, 255, '宣威', 0);
INSERT INTO `county` VALUES (1783, 256, '保山', 0);
INSERT INTO `county` VALUES (1784, 256, '龙陵', 0);
INSERT INTO `county` VALUES (1785, 256, '施甸', 0);
INSERT INTO `county` VALUES (1786, 256, '昌宁', 0);
INSERT INTO `county` VALUES (1787, 256, '腾冲', 0);
INSERT INTO `county` VALUES (1788, 257, '文山', 0);
INSERT INTO `county` VALUES (1789, 257, '西畴', 0);
INSERT INTO `county` VALUES (1790, 257, '马关', 0);
INSERT INTO `county` VALUES (1791, 257, '麻栗坡', 0);
INSERT INTO `county` VALUES (1792, 257, '砚山', 0);
INSERT INTO `county` VALUES (1793, 257, '丘北', 0);
INSERT INTO `county` VALUES (1794, 257, '广南', 0);
INSERT INTO `county` VALUES (1795, 257, '富宁', 0);
INSERT INTO `county` VALUES (1796, 258, '玉溪', 0);
INSERT INTO `county` VALUES (1797, 258, '澄江', 0);
INSERT INTO `county` VALUES (1798, 258, '江川', 0);
INSERT INTO `county` VALUES (1799, 258, '通海', 0);
INSERT INTO `county` VALUES (1800, 258, '华宁', 0);
INSERT INTO `county` VALUES (1801, 258, '新平', 0);
INSERT INTO `county` VALUES (1802, 258, '易门', 0);
INSERT INTO `county` VALUES (1803, 258, '峨山', 0);
INSERT INTO `county` VALUES (1804, 258, '元江', 0);
INSERT INTO `county` VALUES (1805, 259, '楚雄', 0);
INSERT INTO `county` VALUES (1806, 259, '大姚', 0);
INSERT INTO `county` VALUES (1807, 259, '元谋', 0);
INSERT INTO `county` VALUES (1808, 259, '姚安', 0);
INSERT INTO `county` VALUES (1809, 259, '牟定', 0);
INSERT INTO `county` VALUES (1810, 259, '南华', 0);
INSERT INTO `county` VALUES (1811, 259, '武定', 0);
INSERT INTO `county` VALUES (1812, 259, '禄丰', 0);
INSERT INTO `county` VALUES (1813, 259, '双柏', 0);
INSERT INTO `county` VALUES (1814, 259, '永仁', 0);
INSERT INTO `county` VALUES (1815, 260, '普洱', 0);
INSERT INTO `county` VALUES (1816, 260, '景谷', 0);
INSERT INTO `county` VALUES (1817, 260, '景东', 0);
INSERT INTO `county` VALUES (1818, 260, '澜沧', 0);
INSERT INTO `county` VALUES (1819, 260, '墨江', 0);
INSERT INTO `county` VALUES (1820, 260, '江城', 0);
INSERT INTO `county` VALUES (1821, 260, '孟连', 0);
INSERT INTO `county` VALUES (1822, 260, '西盟', 0);
INSERT INTO `county` VALUES (1823, 260, '镇沅', 0);
INSERT INTO `county` VALUES (1824, 260, '宁洱', 0);
INSERT INTO `county` VALUES (1825, 261, '昭通', 0);
INSERT INTO `county` VALUES (1826, 261, '鲁甸', 0);
INSERT INTO `county` VALUES (1827, 261, '彝良', 0);
INSERT INTO `county` VALUES (1828, 261, '镇雄', 0);
INSERT INTO `county` VALUES (1829, 261, '威信', 0);
INSERT INTO `county` VALUES (1830, 261, '巧家', 0);
INSERT INTO `county` VALUES (1831, 261, '绥江', 0);
INSERT INTO `county` VALUES (1832, 261, '永善', 0);
INSERT INTO `county` VALUES (1833, 261, '盐津', 0);
INSERT INTO `county` VALUES (1834, 261, '大关', 0);
INSERT INTO `county` VALUES (1835, 261, '水富', 0);
INSERT INTO `county` VALUES (1836, 262, '临沧', 0);
INSERT INTO `county` VALUES (1837, 262, '沧源', 0);
INSERT INTO `county` VALUES (1838, 262, '耿马', 0);
INSERT INTO `county` VALUES (1839, 262, '双江', 0);
INSERT INTO `county` VALUES (1840, 262, '凤庆', 0);
INSERT INTO `county` VALUES (1841, 262, '永德', 0);
INSERT INTO `county` VALUES (1842, 262, '云县', 0);
INSERT INTO `county` VALUES (1843, 262, '镇康', 0);
INSERT INTO `county` VALUES (1844, 263, '怒江', 0);
INSERT INTO `county` VALUES (1845, 263, '福贡', 0);
INSERT INTO `county` VALUES (1846, 263, '兰坪', 0);
INSERT INTO `county` VALUES (1847, 263, '泸水', 0);
INSERT INTO `county` VALUES (1848, 263, '六库', 0);
INSERT INTO `county` VALUES (1849, 263, '贡山', 0);
INSERT INTO `county` VALUES (1850, 264, '香格里拉', 0);
INSERT INTO `county` VALUES (1851, 264, '德钦', 0);
INSERT INTO `county` VALUES (1852, 264, '维西', 0);
INSERT INTO `county` VALUES (1853, 264, '中甸', 0);
INSERT INTO `county` VALUES (1854, 265, '丽江', 0);
INSERT INTO `county` VALUES (1855, 265, '永胜', 0);
INSERT INTO `county` VALUES (1856, 265, '华坪', 0);
INSERT INTO `county` VALUES (1857, 265, '宁蒗', 0);
INSERT INTO `county` VALUES (1858, 266, '德宏', 0);
INSERT INTO `county` VALUES (1859, 266, '陇川', 0);
INSERT INTO `county` VALUES (1860, 266, '盈江', 0);
INSERT INTO `county` VALUES (1861, 266, '瑞丽', 0);
INSERT INTO `county` VALUES (1862, 266, '梁河', 0);
INSERT INTO `county` VALUES (1863, 266, '芒市', 0);
INSERT INTO `county` VALUES (1864, 267, '景洪', 0);
INSERT INTO `county` VALUES (1865, 267, '勐海', 0);
INSERT INTO `county` VALUES (1866, 267, '勐腊', 0);
INSERT INTO `county` VALUES (1867, 268, '成都', 0);
INSERT INTO `county` VALUES (1868, 268, '龙泉驿', 0);
INSERT INTO `county` VALUES (1869, 268, '新都', 0);
INSERT INTO `county` VALUES (1870, 268, '温江', 0);
INSERT INTO `county` VALUES (1871, 268, '金堂', 0);
INSERT INTO `county` VALUES (1872, 268, '双流', 0);
INSERT INTO `county` VALUES (1873, 268, '郫县', 0);
INSERT INTO `county` VALUES (1874, 268, '大邑', 0);
INSERT INTO `county` VALUES (1875, 268, '蒲江', 0);
INSERT INTO `county` VALUES (1876, 268, '新津', 0);
INSERT INTO `county` VALUES (1877, 268, '都江堰', 0);
INSERT INTO `county` VALUES (1878, 268, '彭州', 0);
INSERT INTO `county` VALUES (1879, 268, '邛崃', 0);
INSERT INTO `county` VALUES (1880, 268, '崇州', 0);
INSERT INTO `county` VALUES (1881, 268, '青白江区', 0);
INSERT INTO `county` VALUES (1882, 269, '攀枝花', 0);
INSERT INTO `county` VALUES (1883, 269, '仁和', 0);
INSERT INTO `county` VALUES (1884, 269, '米易', 0);
INSERT INTO `county` VALUES (1885, 269, '盐边', 0);
INSERT INTO `county` VALUES (1886, 270, '自贡', 0);
INSERT INTO `county` VALUES (1887, 270, '富顺', 0);
INSERT INTO `county` VALUES (1888, 270, '荣县', 0);
INSERT INTO `county` VALUES (1889, 271, '绵阳', 0);
INSERT INTO `county` VALUES (1890, 271, '三台', 0);
INSERT INTO `county` VALUES (1891, 271, '盐亭', 0);
INSERT INTO `county` VALUES (1892, 271, '安县', 0);
INSERT INTO `county` VALUES (1893, 271, '梓潼', 0);
INSERT INTO `county` VALUES (1894, 271, '北川', 0);
INSERT INTO `county` VALUES (1895, 271, '平武', 0);
INSERT INTO `county` VALUES (1896, 271, '江油', 0);
INSERT INTO `county` VALUES (1897, 272, '南充', 0);
INSERT INTO `county` VALUES (1898, 272, '南部', 0);
INSERT INTO `county` VALUES (1899, 272, '营山', 0);
INSERT INTO `county` VALUES (1900, 272, '蓬安', 0);
INSERT INTO `county` VALUES (1901, 272, '仪陇', 0);
INSERT INTO `county` VALUES (1902, 272, '西充', 0);
INSERT INTO `county` VALUES (1903, 272, '阆中', 0);
INSERT INTO `county` VALUES (1904, 273, '达州', 0);
INSERT INTO `county` VALUES (1905, 273, '宣汉', 0);
INSERT INTO `county` VALUES (1906, 273, '开江', 0);
INSERT INTO `county` VALUES (1907, 273, '大竹', 0);
INSERT INTO `county` VALUES (1908, 273, '渠县', 0);
INSERT INTO `county` VALUES (1909, 273, '万源', 0);
INSERT INTO `county` VALUES (1910, 273, '通川', 0);
INSERT INTO `county` VALUES (1911, 273, '达县', 0);
INSERT INTO `county` VALUES (1912, 274, '遂宁', 0);
INSERT INTO `county` VALUES (1913, 274, '蓬溪', 0);
INSERT INTO `county` VALUES (1914, 274, '射洪', 0);
INSERT INTO `county` VALUES (1915, 275, '广安', 0);
INSERT INTO `county` VALUES (1916, 275, '岳池', 0);
INSERT INTO `county` VALUES (1917, 275, '武胜', 0);
INSERT INTO `county` VALUES (1918, 275, '邻水', 0);
INSERT INTO `county` VALUES (1919, 275, '华蓥', 0);
INSERT INTO `county` VALUES (1920, 276, '巴中', 0);
INSERT INTO `county` VALUES (1921, 276, '通江', 0);
INSERT INTO `county` VALUES (1922, 276, '南江', 0);
INSERT INTO `county` VALUES (1923, 276, '平昌', 0);
INSERT INTO `county` VALUES (1924, 277, '泸州', 0);
INSERT INTO `county` VALUES (1925, 277, '泸县', 0);
INSERT INTO `county` VALUES (1926, 277, '合江', 0);
INSERT INTO `county` VALUES (1927, 277, '叙永', 0);
INSERT INTO `county` VALUES (1928, 277, '古蔺', 0);
INSERT INTO `county` VALUES (1929, 277, '纳溪', 0);
INSERT INTO `county` VALUES (1930, 278, '宜宾', 0);
INSERT INTO `county` VALUES (1931, 278, '宜宾县', 0);
INSERT INTO `county` VALUES (1932, 278, '南溪', 0);
INSERT INTO `county` VALUES (1933, 278, '江安', 0);
INSERT INTO `county` VALUES (1934, 278, '长宁', 0);
INSERT INTO `county` VALUES (1935, 278, '高县', 0);
INSERT INTO `county` VALUES (1936, 278, '珙县', 0);
INSERT INTO `county` VALUES (1937, 278, '筠连', 0);
INSERT INTO `county` VALUES (1938, 278, '兴文', 0);
INSERT INTO `county` VALUES (1939, 278, '屏山', 0);
INSERT INTO `county` VALUES (1940, 279, '内江', 0);
INSERT INTO `county` VALUES (1941, 279, '东兴', 0);
INSERT INTO `county` VALUES (1942, 279, '威远', 0);
INSERT INTO `county` VALUES (1943, 279, '资中', 0);
INSERT INTO `county` VALUES (1944, 279, '隆昌', 0);
INSERT INTO `county` VALUES (1945, 288, '广元', 0);
INSERT INTO `county` VALUES (1946, 288, '旺苍', 0);
INSERT INTO `county` VALUES (1947, 288, '青川', 0);
INSERT INTO `county` VALUES (1948, 288, '剑阁', 0);
INSERT INTO `county` VALUES (1949, 288, '苍溪', 0);
INSERT INTO `county` VALUES (1950, 287, '德阳', 0);
INSERT INTO `county` VALUES (1951, 287, '中江', 0);
INSERT INTO `county` VALUES (1952, 287, '广汉', 0);
INSERT INTO `county` VALUES (1953, 287, '什邡', 0);
INSERT INTO `county` VALUES (1954, 287, '绵竹', 0);
INSERT INTO `county` VALUES (1955, 287, '罗江', 0);
INSERT INTO `county` VALUES (1956, 286, '阿坝', 0);
INSERT INTO `county` VALUES (1957, 286, '汶川', 0);
INSERT INTO `county` VALUES (1958, 286, '理县', 0);
INSERT INTO `county` VALUES (1959, 286, '茂县', 0);
INSERT INTO `county` VALUES (1960, 286, '松潘', 0);
INSERT INTO `county` VALUES (1961, 286, '九寨沟', 0);
INSERT INTO `county` VALUES (1962, 286, '金川', 0);
INSERT INTO `county` VALUES (1963, 286, '小金', 0);
INSERT INTO `county` VALUES (1964, 286, '黑水', 0);
INSERT INTO `county` VALUES (1965, 286, '马尔康', 0);
INSERT INTO `county` VALUES (1966, 286, '壤塘', 0);
INSERT INTO `county` VALUES (1967, 286, '若尔盖', 0);
INSERT INTO `county` VALUES (1968, 286, '红原', 0);
INSERT INTO `county` VALUES (1969, 285, '甘孜', 0);
INSERT INTO `county` VALUES (1970, 285, '康定', 0);
INSERT INTO `county` VALUES (1971, 285, '泸定', 0);
INSERT INTO `county` VALUES (1972, 285, '丹巴', 0);
INSERT INTO `county` VALUES (1973, 285, '九龙', 0);
INSERT INTO `county` VALUES (1974, 285, '雅江', 0);
INSERT INTO `county` VALUES (1975, 285, '道孚', 0);
INSERT INTO `county` VALUES (1976, 285, '炉霍', 0);
INSERT INTO `county` VALUES (1977, 285, '新龙', 0);
INSERT INTO `county` VALUES (1978, 285, '德格', 0);
INSERT INTO `county` VALUES (1979, 285, '白玉', 0);
INSERT INTO `county` VALUES (1980, 285, '石渠', 0);
INSERT INTO `county` VALUES (1981, 285, '色达', 0);
INSERT INTO `county` VALUES (1982, 285, '理塘', 0);
INSERT INTO `county` VALUES (1983, 285, '巴塘', 0);
INSERT INTO `county` VALUES (1984, 285, '乡城', 0);
INSERT INTO `county` VALUES (1985, 285, '稻城', 0);
INSERT INTO `county` VALUES (1986, 285, '得荣', 0);
INSERT INTO `county` VALUES (1987, 284, '雅安', 0);
INSERT INTO `county` VALUES (1988, 284, '名山', 0);
INSERT INTO `county` VALUES (1989, 284, '荥经', 0);
INSERT INTO `county` VALUES (1990, 284, '汉源', 0);
INSERT INTO `county` VALUES (1991, 284, '石棉', 0);
INSERT INTO `county` VALUES (1992, 284, '天全', 0);
INSERT INTO `county` VALUES (1993, 284, '芦山', 0);
INSERT INTO `county` VALUES (1994, 284, '宝兴', 0);
INSERT INTO `county` VALUES (1995, 283, '凉山', 0);
INSERT INTO `county` VALUES (1996, 283, '木里', 0);
INSERT INTO `county` VALUES (1997, 283, '盐源', 0);
INSERT INTO `county` VALUES (1998, 283, '德昌', 0);
INSERT INTO `county` VALUES (1999, 283, '会理', 0);
INSERT INTO `county` VALUES (2000, 283, '会东', 0);
INSERT INTO `county` VALUES (2001, 283, '宁南', 0);
INSERT INTO `county` VALUES (2002, 283, '普格', 0);
INSERT INTO `county` VALUES (2003, 283, '西昌', 0);
INSERT INTO `county` VALUES (2004, 283, '金阳', 0);
INSERT INTO `county` VALUES (2005, 283, '昭觉', 0);
INSERT INTO `county` VALUES (2006, 283, '喜德', 0);
INSERT INTO `county` VALUES (2007, 283, '冕宁', 0);
INSERT INTO `county` VALUES (2008, 283, '越西', 0);
INSERT INTO `county` VALUES (2009, 283, '甘洛', 0);
INSERT INTO `county` VALUES (2010, 283, '雷波', 0);
INSERT INTO `county` VALUES (2011, 283, '美姑', 0);
INSERT INTO `county` VALUES (2012, 283, '布拖', 0);
INSERT INTO `county` VALUES (2013, 282, '眉山', 0);
INSERT INTO `county` VALUES (2014, 282, '仁寿', 0);
INSERT INTO `county` VALUES (2015, 282, '彭山', 0);
INSERT INTO `county` VALUES (2016, 282, '洪雅', 0);
INSERT INTO `county` VALUES (2017, 282, '丹棱', 0);
INSERT INTO `county` VALUES (2018, 282, '青神', 0);
INSERT INTO `county` VALUES (2019, 281, '乐山', 0);
INSERT INTO `county` VALUES (2020, 281, '犍为', 0);
INSERT INTO `county` VALUES (2021, 281, '井研', 0);
INSERT INTO `county` VALUES (2022, 281, '夹江', 0);
INSERT INTO `county` VALUES (2023, 281, '沐川', 0);
INSERT INTO `county` VALUES (2024, 281, '峨边', 0);
INSERT INTO `county` VALUES (2025, 281, '马边', 0);
INSERT INTO `county` VALUES (2026, 281, '峨眉', 0);
INSERT INTO `county` VALUES (2027, 281, '峨眉山', 0);
INSERT INTO `county` VALUES (2028, 280, '资阳', 0);
INSERT INTO `county` VALUES (2029, 280, '安岳', 0);
INSERT INTO `county` VALUES (2030, 280, '乐至', 0);
INSERT INTO `county` VALUES (2031, 280, '简阳', 0);
INSERT INTO `county` VALUES (2032, 289, '拉萨', 0);
INSERT INTO `county` VALUES (2033, 289, '当雄', 0);
INSERT INTO `county` VALUES (2034, 289, '尼木', 0);
INSERT INTO `county` VALUES (2035, 289, '林周', 0);
INSERT INTO `county` VALUES (2036, 289, '堆龙德庆', 0);
INSERT INTO `county` VALUES (2037, 289, '曲水', 0);
INSERT INTO `county` VALUES (2038, 289, '达孜', 0);
INSERT INTO `county` VALUES (2039, 289, '墨竹工卡', 0);
INSERT INTO `county` VALUES (2040, 290, '日喀则', 0);
INSERT INTO `county` VALUES (2041, 290, '拉孜', 0);
INSERT INTO `county` VALUES (2042, 290, '南木林', 0);
INSERT INTO `county` VALUES (2043, 290, '聂拉木', 0);
INSERT INTO `county` VALUES (2044, 290, '定日', 0);
INSERT INTO `county` VALUES (2045, 290, '江孜', 0);
INSERT INTO `county` VALUES (2046, 290, '帕里', 0);
INSERT INTO `county` VALUES (2047, 290, '仲巴', 0);
INSERT INTO `county` VALUES (2048, 290, '萨嘎', 0);
INSERT INTO `county` VALUES (2049, 290, '吉隆', 0);
INSERT INTO `county` VALUES (2050, 290, '昂仁', 0);
INSERT INTO `county` VALUES (2051, 290, '定结', 0);
INSERT INTO `county` VALUES (2052, 290, '萨迦', 0);
INSERT INTO `county` VALUES (2053, 290, '谢通门', 0);
INSERT INTO `county` VALUES (2054, 290, '岗巴', 0);
INSERT INTO `county` VALUES (2055, 290, '白朗', 0);
INSERT INTO `county` VALUES (2056, 290, '亚东', 0);
INSERT INTO `county` VALUES (2057, 290, '康马', 0);
INSERT INTO `county` VALUES (2058, 290, '仁布', 0);
INSERT INTO `county` VALUES (2059, 291, '山南', 0);
INSERT INTO `county` VALUES (2060, 291, '贡嘎', 0);
INSERT INTO `county` VALUES (2061, 291, '札囊', 0);
INSERT INTO `county` VALUES (2062, 291, '加查', 0);
INSERT INTO `county` VALUES (2063, 291, '浪卡子', 0);
INSERT INTO `county` VALUES (2064, 291, '错那', 0);
INSERT INTO `county` VALUES (2065, 291, '隆子', 0);
INSERT INTO `county` VALUES (2066, 291, '泽当', 0);
INSERT INTO `county` VALUES (2067, 291, '乃东', 0);
INSERT INTO `county` VALUES (2068, 291, '桑日', 0);
INSERT INTO `county` VALUES (2069, 291, '洛扎', 0);
INSERT INTO `county` VALUES (2070, 291, '措美', 0);
INSERT INTO `county` VALUES (2071, 291, '琼结', 0);
INSERT INTO `county` VALUES (2072, 291, '曲松', 0);
INSERT INTO `county` VALUES (2073, 292, '林芝', 0);
INSERT INTO `county` VALUES (2074, 292, '波密', 0);
INSERT INTO `county` VALUES (2075, 292, '米林', 0);
INSERT INTO `county` VALUES (2076, 292, '察隅', 0);
INSERT INTO `county` VALUES (2077, 292, '工布江达', 0);
INSERT INTO `county` VALUES (2078, 292, '朗县', 0);
INSERT INTO `county` VALUES (2079, 292, '墨脱', 0);
INSERT INTO `county` VALUES (2080, 293, '昌都', 0);
INSERT INTO `county` VALUES (2081, 293, '丁青', 0);
INSERT INTO `county` VALUES (2082, 293, '边坝', 0);
INSERT INTO `county` VALUES (2083, 293, '洛隆', 0);
INSERT INTO `county` VALUES (2084, 293, '左贡', 0);
INSERT INTO `county` VALUES (2085, 293, '芒康', 0);
INSERT INTO `county` VALUES (2086, 293, '类乌齐', 0);
INSERT INTO `county` VALUES (2087, 293, '八宿', 0);
INSERT INTO `county` VALUES (2088, 293, '江达', 0);
INSERT INTO `county` VALUES (2089, 293, '察雅', 0);
INSERT INTO `county` VALUES (2090, 293, '贡觉', 0);
INSERT INTO `county` VALUES (2091, 294, '那曲', 0);
INSERT INTO `county` VALUES (2092, 294, '尼玛', 0);
INSERT INTO `county` VALUES (2093, 294, '嘉黎', 0);
INSERT INTO `county` VALUES (2094, 294, '班戈', 0);
INSERT INTO `county` VALUES (2095, 294, '安多', 0);
INSERT INTO `county` VALUES (2096, 294, '索县', 0);
INSERT INTO `county` VALUES (2097, 294, '聂荣', 0);
INSERT INTO `county` VALUES (2098, 294, '巴青', 0);
INSERT INTO `county` VALUES (2099, 294, '比如', 0);
INSERT INTO `county` VALUES (2100, 294, '双湖', 0);
INSERT INTO `county` VALUES (2101, 295, '阿里', 0);
INSERT INTO `county` VALUES (2102, 295, '改则', 0);
INSERT INTO `county` VALUES (2103, 295, '申扎', 0);
INSERT INTO `county` VALUES (2104, 295, '狮泉河', 0);
INSERT INTO `county` VALUES (2105, 295, '普兰', 0);
INSERT INTO `county` VALUES (2106, 295, '札达', 0);
INSERT INTO `county` VALUES (2107, 295, '噶尔', 0);
INSERT INTO `county` VALUES (2108, 295, '日土', 0);
INSERT INTO `county` VALUES (2109, 295, '革吉', 0);
INSERT INTO `county` VALUES (2110, 295, '措勤', 0);
INSERT INTO `county` VALUES (2111, 296, '西安', 0);
INSERT INTO `county` VALUES (2112, 296, '长安', 0);
INSERT INTO `county` VALUES (2113, 296, '临潼', 0);
INSERT INTO `county` VALUES (2114, 296, '蓝田', 0);
INSERT INTO `county` VALUES (2115, 296, '周至', 0);
INSERT INTO `county` VALUES (2116, 296, '户县', 0);
INSERT INTO `county` VALUES (2117, 296, '高陵', 0);
INSERT INTO `county` VALUES (2118, 297, '三原', 0);
INSERT INTO `county` VALUES (2119, 297, '礼泉', 0);
INSERT INTO `county` VALUES (2120, 297, '永寿', 0);
INSERT INTO `county` VALUES (2121, 297, '淳化', 0);
INSERT INTO `county` VALUES (2122, 297, '泾阳', 0);
INSERT INTO `county` VALUES (2123, 297, '武功', 0);
INSERT INTO `county` VALUES (2124, 297, '乾县', 0);
INSERT INTO `county` VALUES (2125, 297, '彬县', 0);
INSERT INTO `county` VALUES (2126, 297, '长武', 0);
INSERT INTO `county` VALUES (2127, 297, '旬邑', 0);
INSERT INTO `county` VALUES (2128, 297, '兴平', 0);
INSERT INTO `county` VALUES (2129, 298, '延长', 0);
INSERT INTO `county` VALUES (2130, 298, '延川', 0);
INSERT INTO `county` VALUES (2131, 298, '子长', 0);
INSERT INTO `county` VALUES (2132, 298, '宜川', 0);
INSERT INTO `county` VALUES (2133, 298, '富县', 0);
INSERT INTO `county` VALUES (2134, 298, '志丹', 0);
INSERT INTO `county` VALUES (2135, 298, '安塞', 0);
INSERT INTO `county` VALUES (2136, 298, '甘泉', 0);
INSERT INTO `county` VALUES (2137, 298, '洛川', 0);
INSERT INTO `county` VALUES (2138, 298, '黄陵', 0);
INSERT INTO `county` VALUES (2139, 298, '黄龙', 0);
INSERT INTO `county` VALUES (2140, 298, '吴起', 0);
INSERT INTO `county` VALUES (2141, 299, '榆林', 0);
INSERT INTO `county` VALUES (2142, 299, '府谷', 0);
INSERT INTO `county` VALUES (2143, 299, '神木', 0);
INSERT INTO `county` VALUES (2144, 299, '佳县', 0);
INSERT INTO `county` VALUES (2145, 299, '定边', 0);
INSERT INTO `county` VALUES (2146, 299, '靖边', 0);
INSERT INTO `county` VALUES (2147, 299, '横山', 0);
INSERT INTO `county` VALUES (2148, 299, '米脂', 0);
INSERT INTO `county` VALUES (2149, 299, '子洲', 0);
INSERT INTO `county` VALUES (2150, 299, '绥德', 0);
INSERT INTO `county` VALUES (2151, 299, '吴堡', 0);
INSERT INTO `county` VALUES (2152, 299, '清涧', 0);
INSERT INTO `county` VALUES (2153, 299, '榆阳', 0);
INSERT INTO `county` VALUES (2154, 300, '渭南', 0);
INSERT INTO `county` VALUES (2155, 300, '华县', 0);
INSERT INTO `county` VALUES (2156, 300, '潼关', 0);
INSERT INTO `county` VALUES (2157, 300, '大荔', 0);
INSERT INTO `county` VALUES (2158, 300, '白水', 0);
INSERT INTO `county` VALUES (2159, 300, '富平', 0);
INSERT INTO `county` VALUES (2160, 300, '蒲城', 0);
INSERT INTO `county` VALUES (2161, 300, '澄城', 0);
INSERT INTO `county` VALUES (2162, 300, '合阳', 0);
INSERT INTO `county` VALUES (2163, 300, '韩城', 0);
INSERT INTO `county` VALUES (2164, 300, '华阴', 0);
INSERT INTO `county` VALUES (2165, 301, '商洛', 0);
INSERT INTO `county` VALUES (2166, 301, '洛南', 0);
INSERT INTO `county` VALUES (2167, 301, '柞水', 0);
INSERT INTO `county` VALUES (2168, 301, '商州', 0);
INSERT INTO `county` VALUES (2169, 301, '镇安', 0);
INSERT INTO `county` VALUES (2170, 301, '丹凤', 0);
INSERT INTO `county` VALUES (2171, 301, '商南', 0);
INSERT INTO `county` VALUES (2172, 301, '山阳', 0);
INSERT INTO `county` VALUES (2173, 302, '安康', 0);
INSERT INTO `county` VALUES (2174, 302, '紫阳', 0);
INSERT INTO `county` VALUES (2175, 302, '石泉', 0);
INSERT INTO `county` VALUES (2176, 302, '汉阴', 0);
INSERT INTO `county` VALUES (2177, 302, '旬阳', 0);
INSERT INTO `county` VALUES (2178, 302, '岚皋', 0);
INSERT INTO `county` VALUES (2179, 302, '平利', 0);
INSERT INTO `county` VALUES (2180, 302, '白河', 0);
INSERT INTO `county` VALUES (2181, 302, '镇坪', 0);
INSERT INTO `county` VALUES (2182, 302, '宁陕', 0);
INSERT INTO `county` VALUES (2183, 303, '汉中', 0);
INSERT INTO `county` VALUES (2184, 303, '略阳', 0);
INSERT INTO `county` VALUES (2185, 303, '勉县', 0);
INSERT INTO `county` VALUES (2186, 303, '留坝', 0);
INSERT INTO `county` VALUES (2187, 303, '洋县', 0);
INSERT INTO `county` VALUES (2188, 303, '城固', 0);
INSERT INTO `county` VALUES (2189, 303, '西乡', 0);
INSERT INTO `county` VALUES (2190, 303, '佛坪', 0);
INSERT INTO `county` VALUES (2191, 303, '宁强', 0);
INSERT INTO `county` VALUES (2192, 303, '南郑', 0);
INSERT INTO `county` VALUES (2193, 303, '镇巴', 0);
INSERT INTO `county` VALUES (2194, 304, '宝鸡', 0);
INSERT INTO `county` VALUES (2195, 304, '千阳', 0);
INSERT INTO `county` VALUES (2196, 304, '麟游', 0);
INSERT INTO `county` VALUES (2197, 304, '岐山', 0);
INSERT INTO `county` VALUES (2198, 304, '凤翔', 0);
INSERT INTO `county` VALUES (2199, 304, '扶风', 0);
INSERT INTO `county` VALUES (2200, 304, '眉县', 0);
INSERT INTO `county` VALUES (2201, 304, '太白', 0);
INSERT INTO `county` VALUES (2202, 304, '凤县', 0);
INSERT INTO `county` VALUES (2203, 304, '陇县', 0);
INSERT INTO `county` VALUES (2204, 304, '陈仓', 0);
INSERT INTO `county` VALUES (2205, 305, '铜川', 0);
INSERT INTO `county` VALUES (2206, 305, '耀县', 0);
INSERT INTO `county` VALUES (2207, 305, '宜君', 0);
INSERT INTO `county` VALUES (2208, 305, '耀州', 0);
INSERT INTO `county` VALUES (2209, 306, '杨凌', 0);
INSERT INTO `county` VALUES (2210, 307, '银川', 0);
INSERT INTO `county` VALUES (2211, 307, '永宁', 0);
INSERT INTO `county` VALUES (2212, 307, '灵武', 0);
INSERT INTO `county` VALUES (2213, 307, '贺兰', 0);
INSERT INTO `county` VALUES (2214, 308, '石嘴山', 0);
INSERT INTO `county` VALUES (2215, 308, '惠农', 0);
INSERT INTO `county` VALUES (2216, 308, '平罗', 0);
INSERT INTO `county` VALUES (2217, 308, '陶乐', 0);
INSERT INTO `county` VALUES (2218, 309, '吴忠', 0);
INSERT INTO `county` VALUES (2219, 309, '同心', 0);
INSERT INTO `county` VALUES (2220, 309, '盐池', 0);
INSERT INTO `county` VALUES (2221, 309, '青铜峡', 0);
INSERT INTO `county` VALUES (2222, 310, '固原', 0);
INSERT INTO `county` VALUES (2223, 310, '西吉', 0);
INSERT INTO `county` VALUES (2224, 310, '隆德', 0);
INSERT INTO `county` VALUES (2225, 310, '泾源', 0);
INSERT INTO `county` VALUES (2226, 310, '彭阳', 0);
INSERT INTO `county` VALUES (2227, 311, '中卫', 0);
INSERT INTO `county` VALUES (2228, 311, '中宁', 0);
INSERT INTO `county` VALUES (2229, 311, '海原', 0);
INSERT INTO `county` VALUES (2230, 312, '兰州', 0);
INSERT INTO `county` VALUES (2231, 312, '皋兰', 0);
INSERT INTO `county` VALUES (2232, 312, '永登', 0);
INSERT INTO `county` VALUES (2233, 312, '榆中', 0);
INSERT INTO `county` VALUES (2234, 313, '定西', 0);
INSERT INTO `county` VALUES (2235, 313, '通渭', 0);
INSERT INTO `county` VALUES (2236, 313, '陇西', 0);
INSERT INTO `county` VALUES (2237, 313, '渭源', 0);
INSERT INTO `county` VALUES (2238, 313, '临洮', 0);
INSERT INTO `county` VALUES (2239, 313, '漳县', 0);
INSERT INTO `county` VALUES (2240, 313, '岷县', 0);
INSERT INTO `county` VALUES (2241, 313, '安定', 0);
INSERT INTO `county` VALUES (2242, 314, '平凉', 0);
INSERT INTO `county` VALUES (2243, 314, '泾川', 0);
INSERT INTO `county` VALUES (2244, 314, '灵台', 0);
INSERT INTO `county` VALUES (2245, 314, '崇信', 0);
INSERT INTO `county` VALUES (2246, 314, '华亭', 0);
INSERT INTO `county` VALUES (2247, 314, '庄浪', 0);
INSERT INTO `county` VALUES (2248, 314, '静宁', 0);
INSERT INTO `county` VALUES (2249, 314, '崆峒', 0);
INSERT INTO `county` VALUES (2250, 315, '庆阳', 0);
INSERT INTO `county` VALUES (2251, 315, '环县', 0);
INSERT INTO `county` VALUES (2252, 315, '华池', 0);
INSERT INTO `county` VALUES (2253, 315, '合水', 0);
INSERT INTO `county` VALUES (2254, 315, '正宁', 0);
INSERT INTO `county` VALUES (2255, 315, '宁县', 0);
INSERT INTO `county` VALUES (2256, 315, '镇原', 0);
INSERT INTO `county` VALUES (2257, 315, '庆城', 0);
INSERT INTO `county` VALUES (2258, 316, '武威', 0);
INSERT INTO `county` VALUES (2259, 316, '民勤', 0);
INSERT INTO `county` VALUES (2260, 316, '古浪', 0);
INSERT INTO `county` VALUES (2261, 316, '天祝', 0);
INSERT INTO `county` VALUES (2262, 317, '金昌', 0);
INSERT INTO `county` VALUES (2263, 317, '永昌', 0);
INSERT INTO `county` VALUES (2264, 318, '张掖', 0);
INSERT INTO `county` VALUES (2265, 318, '肃南', 0);
INSERT INTO `county` VALUES (2266, 318, '民乐', 0);
INSERT INTO `county` VALUES (2267, 318, '临泽', 0);
INSERT INTO `county` VALUES (2268, 318, '高台', 0);
INSERT INTO `county` VALUES (2269, 318, '山丹', 0);
INSERT INTO `county` VALUES (2270, 319, '酒泉', 0);
INSERT INTO `county` VALUES (2271, 319, '金塔', 0);
INSERT INTO `county` VALUES (2272, 319, '阿克塞', 0);
INSERT INTO `county` VALUES (2273, 319, '瓜州', 0);
INSERT INTO `county` VALUES (2274, 319, '肃北', 0);
INSERT INTO `county` VALUES (2275, 319, '玉门', 0);
INSERT INTO `county` VALUES (2276, 319, '敦煌', 0);
INSERT INTO `county` VALUES (2277, 320, '天水', 0);
INSERT INTO `county` VALUES (2278, 320, '清水', 0);
INSERT INTO `county` VALUES (2279, 320, '秦安', 0);
INSERT INTO `county` VALUES (2280, 320, '甘谷', 0);
INSERT INTO `county` VALUES (2281, 320, '武山', 0);
INSERT INTO `county` VALUES (2282, 320, '张家川', 0);
INSERT INTO `county` VALUES (2283, 320, '麦积', 0);
INSERT INTO `county` VALUES (2284, 321, '武都', 0);
INSERT INTO `county` VALUES (2285, 321, '成县', 0);
INSERT INTO `county` VALUES (2286, 321, '文县', 0);
INSERT INTO `county` VALUES (2287, 321, '宕昌', 0);
INSERT INTO `county` VALUES (2288, 321, '康县', 0);
INSERT INTO `county` VALUES (2289, 321, '西和', 0);
INSERT INTO `county` VALUES (2290, 321, '礼县', 0);
INSERT INTO `county` VALUES (2291, 321, '徽县', 0);
INSERT INTO `county` VALUES (2292, 321, '两当', 0);
INSERT INTO `county` VALUES (2293, 322, '临夏', 0);
INSERT INTO `county` VALUES (2294, 322, '康乐', 0);
INSERT INTO `county` VALUES (2295, 322, '永靖', 0);
INSERT INTO `county` VALUES (2296, 322, '广河', 0);
INSERT INTO `county` VALUES (2297, 322, '和政', 0);
INSERT INTO `county` VALUES (2298, 322, '东乡', 0);
INSERT INTO `county` VALUES (2299, 322, '积石山', 0);
INSERT INTO `county` VALUES (2300, 323, '合作', 0);
INSERT INTO `county` VALUES (2301, 323, '临潭', 0);
INSERT INTO `county` VALUES (2302, 323, '卓尼', 0);
INSERT INTO `county` VALUES (2303, 323, '舟曲', 0);
INSERT INTO `county` VALUES (2304, 323, '迭部', 0);
INSERT INTO `county` VALUES (2305, 323, '玛曲', 0);
INSERT INTO `county` VALUES (2306, 323, '碌曲', 0);
INSERT INTO `county` VALUES (2307, 323, '夏河', 0);
INSERT INTO `county` VALUES (2308, 324, '白银', 0);
INSERT INTO `county` VALUES (2309, 324, '靖远', 0);
INSERT INTO `county` VALUES (2310, 324, '会宁', 0);
INSERT INTO `county` VALUES (2311, 324, '平川', 0);
INSERT INTO `county` VALUES (2312, 324, '景泰', 0);
INSERT INTO `county` VALUES (2313, 325, '嘉峪关', 0);
INSERT INTO `county` VALUES (2314, 326, '西宁', 0);
INSERT INTO `county` VALUES (2315, 326, '大通', 0);
INSERT INTO `county` VALUES (2316, 326, '湟源', 0);
INSERT INTO `county` VALUES (2317, 326, '湟中', 0);
INSERT INTO `county` VALUES (2318, 327, '海东', 0);
INSERT INTO `county` VALUES (2319, 327, '乐都', 0);
INSERT INTO `county` VALUES (2320, 327, '民和', 0);
INSERT INTO `county` VALUES (2321, 327, '互助', 0);
INSERT INTO `county` VALUES (2322, 327, '化隆', 0);
INSERT INTO `county` VALUES (2323, 327, '循化', 0);
INSERT INTO `county` VALUES (2324, 327, '冷湖', 0);
INSERT INTO `county` VALUES (2325, 327, '平安', 0);
INSERT INTO `county` VALUES (2326, 328, '黄南', 0);
INSERT INTO `county` VALUES (2327, 328, '尖扎', 0);
INSERT INTO `county` VALUES (2328, 328, '泽库', 0);
INSERT INTO `county` VALUES (2329, 328, '河南', 0);
INSERT INTO `county` VALUES (2330, 328, '同仁', 0);
INSERT INTO `county` VALUES (2331, 330, '果洛', 0);
INSERT INTO `county` VALUES (2332, 330, '班玛', 0);
INSERT INTO `county` VALUES (2333, 330, '甘德', 0);
INSERT INTO `county` VALUES (2334, 330, '达日', 0);
INSERT INTO `county` VALUES (2335, 330, '久治', 0);
INSERT INTO `county` VALUES (2336, 330, '玛多', 0);
INSERT INTO `county` VALUES (2337, 330, '玛沁', 0);
INSERT INTO `county` VALUES (2338, 329, '海南', 0);
INSERT INTO `county` VALUES (2339, 329, '贵德', 0);
INSERT INTO `county` VALUES (2340, 329, '兴海', 0);
INSERT INTO `county` VALUES (2341, 329, '贵南', 0);
INSERT INTO `county` VALUES (2342, 329, '同德', 0);
INSERT INTO `county` VALUES (2343, 329, '共和', 0);
INSERT INTO `county` VALUES (2344, 331, '玉树', 0);
INSERT INTO `county` VALUES (2345, 331, '称多', 0);
INSERT INTO `county` VALUES (2346, 331, '治多', 0);
INSERT INTO `county` VALUES (2347, 331, '杂多', 0);
INSERT INTO `county` VALUES (2348, 331, '囊谦', 0);
INSERT INTO `county` VALUES (2349, 331, '曲麻莱', 0);
INSERT INTO `county` VALUES (2350, 332, '海西', 0);
INSERT INTO `county` VALUES (2351, 332, '天峻', 0);
INSERT INTO `county` VALUES (2352, 332, '乌兰', 0);
INSERT INTO `county` VALUES (2353, 332, '茫崖', 0);
INSERT INTO `county` VALUES (2354, 332, '大柴旦', 0);
INSERT INTO `county` VALUES (2355, 332, '德令哈', 0);
INSERT INTO `county` VALUES (2356, 333, '海北', 0);
INSERT INTO `county` VALUES (2357, 333, '门源', 0);
INSERT INTO `county` VALUES (2358, 333, '祁连', 0);
INSERT INTO `county` VALUES (2359, 333, '海晏', 0);
INSERT INTO `county` VALUES (2360, 333, '刚察', 0);
INSERT INTO `county` VALUES (2361, 334, '格尔木', 0);
INSERT INTO `county` VALUES (2362, 334, '都兰', 0);
INSERT INTO `county` VALUES (2363, 335, '乌鲁木齐', 0);
INSERT INTO `county` VALUES (2364, 335, '小渠子', 0);
INSERT INTO `county` VALUES (2365, 335, '达坂城', 0);
INSERT INTO `county` VALUES (2366, 335, '乌鲁木齐牧试站', 0);
INSERT INTO `county` VALUES (2367, 335, '天池', 0);
INSERT INTO `county` VALUES (2368, 335, '白杨沟', 0);
INSERT INTO `county` VALUES (2369, 336, '克拉玛依', 0);
INSERT INTO `county` VALUES (2370, 336, '乌尔禾', 0);
INSERT INTO `county` VALUES (2371, 336, '白碱滩', 0);
INSERT INTO `county` VALUES (2372, 337, '石河子', 0);
INSERT INTO `county` VALUES (2373, 337, '炮台', 0);
INSERT INTO `county` VALUES (2374, 337, '莫索湾', 0);
INSERT INTO `county` VALUES (2375, 338, '昌吉', 0);
INSERT INTO `county` VALUES (2376, 338, '呼图壁', 0);
INSERT INTO `county` VALUES (2377, 338, '米泉', 0);
INSERT INTO `county` VALUES (2378, 338, '阜康', 0);
INSERT INTO `county` VALUES (2379, 338, '吉木萨尔', 0);
INSERT INTO `county` VALUES (2380, 338, '奇台', 0);
INSERT INTO `county` VALUES (2381, 338, '玛纳斯', 0);
INSERT INTO `county` VALUES (2382, 338, '木垒', 0);
INSERT INTO `county` VALUES (2383, 338, '蔡家湖', 0);
INSERT INTO `county` VALUES (2384, 339, '吐鲁番', 0);
INSERT INTO `county` VALUES (2385, 339, '托克逊', 0);
INSERT INTO `county` VALUES (2386, 339, '鄯善', 0);
INSERT INTO `county` VALUES (2387, 340, '库尔勒', 0);
INSERT INTO `county` VALUES (2388, 340, '轮台', 0);
INSERT INTO `county` VALUES (2389, 340, '尉犁', 0);
INSERT INTO `county` VALUES (2390, 340, '若羌', 0);
INSERT INTO `county` VALUES (2391, 340, '且末', 0);
INSERT INTO `county` VALUES (2392, 340, '和静', 0);
INSERT INTO `county` VALUES (2393, 340, '焉耆', 0);
INSERT INTO `county` VALUES (2394, 340, '和硕', 0);
INSERT INTO `county` VALUES (2395, 340, '巴音布鲁克', 0);
INSERT INTO `county` VALUES (2396, 340, '铁干里克', 0);
INSERT INTO `county` VALUES (2397, 340, '博湖', 0);
INSERT INTO `county` VALUES (2398, 340, '塔中', 0);
INSERT INTO `county` VALUES (2399, 340, '巴仑台', 0);
INSERT INTO `county` VALUES (2400, 341, '阿拉尔', 0);
INSERT INTO `county` VALUES (2401, 342, '阿克苏', 0);
INSERT INTO `county` VALUES (2402, 342, '乌什', 0);
INSERT INTO `county` VALUES (2403, 342, '温宿', 0);
INSERT INTO `county` VALUES (2404, 342, '拜城', 0);
INSERT INTO `county` VALUES (2405, 342, '新和', 0);
INSERT INTO `county` VALUES (2406, 342, '沙雅', 0);
INSERT INTO `county` VALUES (2407, 342, '库车', 0);
INSERT INTO `county` VALUES (2408, 342, '柯坪', 0);
INSERT INTO `county` VALUES (2409, 342, '阿瓦提', 0);
INSERT INTO `county` VALUES (2410, 343, '喀什', 0);
INSERT INTO `county` VALUES (2411, 343, '英吉沙', 0);
INSERT INTO `county` VALUES (2412, 343, '塔什库尔干', 0);
INSERT INTO `county` VALUES (2413, 343, '麦盖提', 0);
INSERT INTO `county` VALUES (2414, 343, '莎车', 0);
INSERT INTO `county` VALUES (2415, 343, '叶城', 0);
INSERT INTO `county` VALUES (2416, 343, '泽普', 0);
INSERT INTO `county` VALUES (2417, 343, '巴楚', 0);
INSERT INTO `county` VALUES (2418, 343, '岳普湖', 0);
INSERT INTO `county` VALUES (2419, 343, '伽师', 0);
INSERT INTO `county` VALUES (2420, 343, '疏附', 0);
INSERT INTO `county` VALUES (2421, 343, '疏勒', 0);
INSERT INTO `county` VALUES (2422, 344, '伊宁', 0);
INSERT INTO `county` VALUES (2423, 344, '察布查尔', 0);
INSERT INTO `county` VALUES (2424, 344, '尼勒克', 0);
INSERT INTO `county` VALUES (2425, 344, '伊宁县', 0);
INSERT INTO `county` VALUES (2426, 344, '巩留', 0);
INSERT INTO `county` VALUES (2427, 344, '新源', 0);
INSERT INTO `county` VALUES (2428, 344, '昭苏', 0);
INSERT INTO `county` VALUES (2429, 344, '特克斯', 0);
INSERT INTO `county` VALUES (2430, 344, '霍城', 0);
INSERT INTO `county` VALUES (2431, 344, '霍尔果斯', 0);
INSERT INTO `county` VALUES (2432, 344, '奎屯', 0);
INSERT INTO `county` VALUES (2433, 345, '塔城', 0);
INSERT INTO `county` VALUES (2434, 345, '裕民', 0);
INSERT INTO `county` VALUES (2435, 345, '额敏', 0);
INSERT INTO `county` VALUES (2436, 345, '和布克赛尔', 0);
INSERT INTO `county` VALUES (2437, 345, '托里', 0);
INSERT INTO `county` VALUES (2438, 345, '乌苏', 0);
INSERT INTO `county` VALUES (2439, 345, '沙湾', 0);
INSERT INTO `county` VALUES (2440, 346, '哈密', 0);
INSERT INTO `county` VALUES (2441, 346, '巴里坤', 0);
INSERT INTO `county` VALUES (2442, 346, '伊吾', 0);
INSERT INTO `county` VALUES (2443, 347, '和田', 0);
INSERT INTO `county` VALUES (2444, 347, '皮山', 0);
INSERT INTO `county` VALUES (2445, 347, '策勒', 0);
INSERT INTO `county` VALUES (2446, 347, '墨玉', 0);
INSERT INTO `county` VALUES (2447, 347, '洛浦', 0);
INSERT INTO `county` VALUES (2448, 347, '民丰', 0);
INSERT INTO `county` VALUES (2449, 347, '于田', 0);
INSERT INTO `county` VALUES (2450, 348, '阿勒泰', 0);
INSERT INTO `county` VALUES (2451, 348, '哈巴河', 0);
INSERT INTO `county` VALUES (2452, 348, '吉木乃', 0);
INSERT INTO `county` VALUES (2453, 348, '布尔津', 0);
INSERT INTO `county` VALUES (2454, 348, '福海', 0);
INSERT INTO `county` VALUES (2455, 348, '富蕴', 0);
INSERT INTO `county` VALUES (2456, 348, '青河', 0);
INSERT INTO `county` VALUES (2457, 349, '阿图什', 0);
INSERT INTO `county` VALUES (2458, 349, '乌恰', 0);
INSERT INTO `county` VALUES (2459, 349, '阿克陶', 0);
INSERT INTO `county` VALUES (2460, 349, '阿合奇', 0);
INSERT INTO `county` VALUES (2461, 350, '博乐', 0);
INSERT INTO `county` VALUES (2462, 350, '温泉', 0);
INSERT INTO `county` VALUES (2463, 350, '精河', 0);
INSERT INTO `county` VALUES (2464, 350, '阿拉山口', 0);

-- ----------------------------
-- Table structure for province
-- ----------------------------
DROP TABLE IF EXISTS `province`;
CREATE TABLE `province`  (
  `id` int(0) NOT NULL AUTO_INCREMENT,
  `provincecode` varchar(255) CHARACTER SET utf8mb4 COLLATE utf8mb4_0900_ai_ci NULL DEFAULT NULL,
  `provincename` varchar(255) CHARACTER SET utf8mb4 COLLATE utf8mb4_0900_ai_ci NULL DEFAULT NULL,
  PRIMARY KEY (`id`) USING BTREE
) ENGINE = InnoDB CHARACTER SET = utf8mb4 COLLATE = utf8mb4_0900_ai_ci ROW_FORMAT = Dynamic;

-- ----------------------------
-- Records of province
-- ----------------------------
INSERT INTO `province` VALUES (1, '1', '北京');
INSERT INTO `province` VALUES (2, '2', '上海');
INSERT INTO `province` VALUES (3, '3', '天津');
INSERT INTO `province` VALUES (4, '4', '重庆');
INSERT INTO `province` VALUES (5, '5', '香港');
INSERT INTO `province` VALUES (6, '6', '澳门');
INSERT INTO `province` VALUES (7, '7', '台湾');
INSERT INTO `province` VALUES (8, '8', '黑龙江');
INSERT INTO `province` VALUES (9, '9', '吉林');
INSERT INTO `province` VALUES (10, '10', '辽宁');
INSERT INTO `province` VALUES (11, '11', '内蒙古');
INSERT INTO `province` VALUES (12, '12', '河北');
INSERT INTO `province` VALUES (13, '13', '河南');
INSERT INTO `province` VALUES (14, '14', '山西');
INSERT INTO `province` VALUES (15, '15', '山东');
INSERT INTO `province` VALUES (16, '16', '江苏');
INSERT INTO `province` VALUES (17, '17', '浙江');
INSERT INTO `province` VALUES (18, '18', '福建');
INSERT INTO `province` VALUES (19, '19', '江西');
INSERT INTO `province` VALUES (20, '20', '安徽');
INSERT INTO `province` VALUES (21, '21', '湖北');
INSERT INTO `province` VALUES (22, '22', '湖南');
INSERT INTO `province` VALUES (23, '23', '广东');
INSERT INTO `province` VALUES (24, '24', '广西');
INSERT INTO `province` VALUES (25, '25', '海南');
INSERT INTO `province` VALUES (26, '26', '贵州');
INSERT INTO `province` VALUES (27, '27', '云南');
INSERT INTO `province` VALUES (28, '28', '四川');
INSERT INTO `province` VALUES (29, '29', '西藏');
INSERT INTO `province` VALUES (30, '30', '陕西');
INSERT INTO `province` VALUES (31, '31', '宁夏');
INSERT INTO `province` VALUES (32, '32', '甘肃');
INSERT INTO `province` VALUES (33, '33', '青海');
INSERT INTO `province` VALUES (34, '34', '新疆');

SET FOREIGN_KEY_CHECKS = 1;
